ticker,event_date,drug_name,nct_id,target_large_move,feat_asset_event_sequence_num,feat_asset_trial_share,feat_cash_runway_proxy,feat_company_event_sequence_num,feat_pipeline_depth_score,feat_pivotal_proxy_score,feat_active_not_recruiting_flag,feat_blinded_flag,feat_cns_flag,feat_completed_flag,feat_oncology_flag,feat_open_label_flag,feat_rare_disease_flag,feat_small_trial_flag,feat_therapeutic_superclass_CNS,feat_therapeutic_superclass_Cardiovascular,feat_therapeutic_superclass_Dermatology,feat_therapeutic_superclass_Endocrine/Metabolic,feat_therapeutic_superclass_GI/Hepatology,feat_therapeutic_superclass_Immunology,feat_therapeutic_superclass_Infectious Disease,feat_therapeutic_superclass_Musculoskeletal,feat_therapeutic_superclass_Oncology,feat_therapeutic_superclass_Respiratory,split
VERA,2023-01-04,atacicept,NCT04716231,1,1,0.0,0.1718,2,0.2773,0.0,1.0,1,0,0.0,0,0,0,0.0,0,0,0,0,0,1,0,0,0,0,train
MDGL,2023-01-06,Resmetirom,NCT04197479,0,1,0.0,0.1003,2,0.2773,0.0,0.0,0,0,1.0,0,0,0,0.0,0,0,0,0,1,0,0,0,0,0,train
ATAI,2023-01-06,PCN-101,NCT05414422,1,1,0.0,0.0869,1,0.2773,0.0,0.0,1,1,1.0,0,0,0,0.0,1,0,0,0,0,0,0,0,0,0,train
SOPH,2023-01-10,margetuximab,NCT02492711,0,1,0.0,0.2673,3,0.2773,0.0,0.0,0,0,1.0,1,0,0,0.0,0,0,0,0,0,0,0,0,1,0,train
ORMP,2023-01-12,ORMD-0801,NCT06731075,1,2,0.0,0.9897,7,0.2773,0.0,0.0,1,0,0.0,0,0,0,0.0,0,0,0,1,0,0,0,0,0,0,train
MRK,2023-01-18,Pembrolizumab,NCT03820986,0,32,0.0,0.0476,111,0.2773,0.0,0.0,0,0,1.0,1,0,0,0.0,0,0,0,0,0,0,0,0,1,0,train
SNY,2023-01-19,CYD Dengue Vaccine,NCT02741128,0,2,0.0,0.0653,60,0.2773,0.0,0.0,0,0,1.0,0,0,0,0.0,0,0,0,0,0,0,1,0,0,0,train
GLPG,2023-01-19,Filgotinib,NCT02065700,0,3,0.0,1.3516,8,0.2773,0.0,0.0,0,0,1.0,0,1,0,0.0,0,0,0,0,0,1,0,0,0,0,train
PLRX,2023-01-24,bexotegrast,NCT06097260,0,1,0.0,3.0263,2,0.2773,0.0,0.0,1,0,0.0,0,0,0,0.0,0,0,0,0,0,0,0,0,0,1,train
EQ,2023-01-30,EQU-001,NCT05473442,0,1,0.0,0.2987,2,0.2773,0.0,0.0,0,1,0.0,0,0,0,1.0,1,0,0,0,0,0,0,0,0,0,train
RHHBY,2023-02-02,Atezolizumab,NCT04194203,0,11,0.0,0.0404,107,0.2773,0.0,0.0,1,0,1.0,1,0,0,0.0,0,0,0,0,0,0,0,0,1,0,train
BNTX,2023-02-10,BNT162b1,NCT04368728,0,1,0.0,0.5252,9,0.2773,0.0,0.0,0,0,1.0,0,0,0,0.0,0,0,0,0,0,0,1,0,0,0,train
RHHBY,2023-02-11,Faricimab,NCT04740905,0,4,0.0,0.0404,108,0.2773,0.0,0.0,0,0,1.0,0,0,0,0.0,0,1,0,0,0,0,0,0,0,0,train
AMGN,2023-02-15,Ustekinumab,NCT04761627,0,1,0.0,0.0436,35,0.2773,0.0,0.0,1,0,1.0,0,0,0,0.0,0,0,0,0,0,1,0,0,0,0,train
SNY,2023-02-17,Fexofenadine,NCT05692154,0,1,0.0,0.0653,62,0.2773,0.0,0.0,1,0,1.0,0,0,0,0.0,0,0,0,0,0,1,0,0,0,0,train
NKTR,2023-02-24,rezpegaldesleukin,NCT06136741,1,1,0.0,0.14,3,0.2773,0.0,1.0,1,0,0.0,0,0,0,0.0,0,0,0,0,0,1,0,0,0,0,train
PRAX,2023-02-28,100 mg PRAX-944,NCT05021991,0,1,0.0,0.0642,4,0.2773,0.0,0.0,1,1,1.0,0,0,0,0.0,1,0,0,0,0,0,0,0,0,0,train
PRAX,2023-03-03,ulixacaltamide (PRAX-944),NCT06087276,1,1,0.0,0.0642,5,0.2773,0.0,0.0,1,1,0.0,0,0,0,0.0,1,0,0,0,0,0,0,0,0,0,train
CYTK,2023-03-04,CK-3773274 (5 - 15 mg),NCT04219826,0,1,0.0,0.116,3,0.2773,0.0,0.0,1,0,1.0,0,0,0,0.0,0,1,0,0,0,0,0,0,0,0,train
ARMP,2023-03-06,AP-PA02,NCT04596319,0,1,0.0,0.0378,1,0.2773,0.0,0.0,1,0,1.0,0,0,0,1.0,0,0,0,0,0,0,0,0,0,1,train
ACRS,2023-03-06,zunsemetinib,NCT05279417,1,1,0.0,0.3084,3,0.2773,0.0,0.0,1,0,1.0,0,0,0,0.0,0,0,0,0,0,1,0,0,0,0,train
LLY,2023-03-08,Solanezumab,NCT02008357,0,1,0.0,0.0073,88,0.2773,0.0,0.0,0,1,1.0,0,0,0,0.0,1,0,0,0,0,0,0,0,0,0,train
PFE,2023-03-09,LGX818,NCT01543698,0,2,0.0,0.0953,93,0.2773,0.0,0.0,0,0,1.0,1,1,0,0.0,0,0,0,0,0,0,0,0,1,0,train
PFE,2023-03-16,Multivalent Group B streptococcus vaccine,NCT04766086,0,1,0.0,0.0953,94,0.2773,0.0,0.0,1,0,1.0,0,0,0,0.0,0,0,0,0,0,0,1,0,0,0,train
ABBV,2023-03-18,Risankizumab,NCT04713592,0,6,0.0,0.0128,84,0.2773,0.0,0.0,1,0,1.0,0,0,0,0.0,0,0,1,0,0,0,0,0,0,0,train
PACB,2023-03-23,Meplazumab for injection,NCT05813587,0,1,0.0,0.5511,3,0.2773,0.0,0.0,1,0,1.0,0,0,0,0.0,0,0,0,0,0,0,1,0,0,0,train
MRNA,2023-03-27,mRNA-1011.1,NCT05827068,0,1,0.0,0.277,5,0.2773,0.0,0.0,0,0,1.0,0,1,0,0.0,0,0,0,0,0,0,0,0,0,1,train
ALDX,2023-03-30,ADX-629,NCT05392192,0,5,0.0,0.2292,14,0.2773,0.0,0.0,1,0,1.0,0,0,0,0.0,0,0,0,0,0,0,0,0,0,1,train
IFRX,2023-04-05,vilobelimab,NCT06703073,1,2,0.0,0.7127,5,0.2773,0.0,0.0,0,0,0.0,0,0,0,0.0,0,0,0,0,0,0,0,0,0,1,train
SANA,2023-04-13,UP421,NCT06239636,1,1,0.0,0.1365,1,0.2773,0.0,0.0,0,0,0.0,0,0,0,1.0,0,0,0,1,0,0,0,0,0,0,train
RLAY,2023-04-18,RLY-2608,NCT06982521,1,1,0.0,0.3118,1,0.2773,0.0,0.0,0,0,0.0,1,1,0,0.0,0,0,0,0,0,0,0,0,1,0,train
DRUG,2023-04-18,trifluridine/tipiracil,NCT03869892,1,1,0.0,0.1085,1,0.2773,0.0,1.0,0,0,0.0,0,1,0,0.0,0,0,0,0,1,0,0,0,0,0,train
SABS,2023-04-18,SAB-185,NCT04518410,1,1,0.0,0.5681,2,0.2773,0.0,0.0,0,0,1.0,0,0,0,0.0,0,0,0,0,0,0,1,0,0,0,train
IDYA,2023-04-24,darovasertib,NCT05987332,1,1,0.0,0.2261,1,0.2773,0.0,1.0,0,0,0.0,1,0,0,0.0,0,0,0,0,0,0,0,0,1,0,train
BMY,2023-04-24,nivolumab,NCT03138512,0,4,0.0,0.084,98,0.2773,0.0,0.0,1,0,1.0,1,0,0,0.0,0,0,0,0,0,0,0,0,1,0,train
MRK,2023-04-26,Pembrolizumab,NCT04003636,0,33,0.0,0.0476,112,0.2773,0.0,0.0,1,0,1.0,1,0,0,0.0,0,0,0,0,0,0,0,0,1,0,train
IONS,2023-04-26,Inotersen,NCT04136184,0,2,0.0,0.2037,9,0.2773,0.0,0.0,0,1,1.0,0,1,0,0.0,1,0,0,0,0,0,0,0,0,0,train
SABS,2023-04-26,SAB-185,NCT04518410,0,2,0.0,0.5681,3,0.2773,0.0,0.0,0,0,1.0,0,0,0,0.0,0,0,0,0,0,0,1,0,0,0,train
TVTX,2023-05-01,sparsentan,NCT03762850,0,1,0.0,0.1211,2,0.2773,0.0,1.0,1,0,0.0,0,0,0,0.0,0,0,0,0,0,1,0,0,0,0,train
INKT,2023-05-04,botensilimab,NCT03860272,0,1,0.0,0.2782,1,0.2773,0.0,1.0,0,0,0.0,1,0,0,0.0,0,0,0,0,0,0,0,0,1,0,train
DERM,2023-05-10,DFD-29,NCT05296629,0,1,0.0,0.0916,1,0.2773,0.0,0.0,1,0,1.0,0,0,0,0.0,0,0,1,0,0,0,0,0,0,0,train
AVTX,2023-05-11,AVTX-002,NCT05288504,0,1,0.0,0.3444,1,0.2773,0.0,0.0,1,0,1.0,0,0,0,0.0,0,0,0,0,0,0,0,0,0,1,train
VKTX,2023-05-15,VK2809,NCT04173065,0,1,0.0,0.1805,2,0.2773,0.0,0.0,1,0,1.0,0,0,0,0.0,0,0,0,0,1,0,0,0,0,0,train
LPCN,2023-05-23,LPCN 1154,NCT02081300,0,1,0.0,0.2731,3,0.2773,0.0,0.0,0,0,1.0,0,0,0,0.0,0,0,0,1,0,0,0,0,0,0,train
SNY,2023-05-17,Dupilumab SAR231893,NCT03930732,0,4,0.0,0.0653,63,0.2773,0.0,0.0,1,0,1.0,0,0,0,0.0,0,0,0,0,0,0,0,0,0,1,train
IMMP,2023-05-17,eftilagimod alpha (efti),NCT05747794,1,1,0.0,0.2405,2,0.2773,0.0,1.0,1,0,0.0,1,1,0,0.0,0,0,0,0,0,0,0,0,1,0,train
PTCT,2023-05-17,PTC923,NCT05099640,0,2,0.0,0.3553,4,0.2773,0.0,0.0,0,1,1.0,0,0,0,0.0,1,0,0,0,0,0,0,0,0,0,train
VRTX,2023-05-18,VX-121/TEZ/D-IVA,NCT05076149,0,1,0.0,0.0524,20,0.2773,0.0,0.0,1,0,1.0,0,0,0,0.0,0,0,0,0,0,0,0,0,0,1,train
MRK,2023-05-18,V116,NCT05425732,0,2,0.0,0.0476,113,0.2773,0.0,0.0,1,0,1.0,0,0,0,0.0,0,0,0,0,0,0,1,0,0,0,train
DERM,2023-05-19,B-VEC (beremagene geperpavec),NCT04917874,0,1,0.0,0.0916,2,0.2773,0.0,0.0,0,0,1.0,0,1,0,1.0,0,0,1,0,0,0,0,0,0,0,train
PTCT,2023-05-23,Vatiquinone,NCT04577352,0,1,0.0,0.3553,5,0.2773,0.0,0.0,1,1,1.0,0,1,0,0.0,1,0,0,0,0,0,0,0,0,0,train
MRK,2023-05-30,Lenvatinib,NCT04199104,0,1,0.0,0.0476,114,0.2773,0.0,0.0,1,0,1.0,1,0,0,0.0,0,0,0,0,0,0,0,0,1,0,train
PFE,2023-06-01,ATM-AVI,NCT03329092,0,1,0.0,0.0953,95,0.2773,0.0,0.0,1,0,1.0,0,1,0,0.0,0,0,0,0,0,0,1,0,0,0,train
MIRA,2023-06-01,sonelokimab,NCT06641076,1,1,0.0,0.141,1,0.2773,0.0,1.0,1,0,0.0,0,0,0,0.0,0,0,0,0,0,0,0,1,0,0,train
NVS,2023-06-02,Ribociclib,NCT03439046,0,4,0.0,0.0354,129,0.2773,0.0,0.0,0,0,1.0,1,1,0,0.0,0,0,0,0,0,0,0,0,1,0,train
PFE,2023-06-03,Elranatamab,NCT05014412,0,1,0.0,0.0953,96,0.2773,0.0,0.0,0,0,1.0,1,1,0,0.0,0,0,0,0,0,0,0,0,1,0,train
NRC,2023-06-05,TRC102,NCT01851369,0,1,0.0,0.0135,273,0.2773,0.0,0.0,0,0,1.0,1,0,0,0.0,0,0,0,0,0,0,0,0,1,0,train
AVXL,2023-06-06,ANAVEX2-73 oral liquid,NCT04304482,0,1,0.0,0.3208,6,0.2773,0.0,0.0,1,1,1.0,0,0,0,0.0,1,0,0,0,0,0,0,0,0,0,train
ALDX,2023-06-15,Reproxalap Ophthalmic Solution (0.25%),NCT05234554,0,8,0.0,0.2292,15,0.2773,0.0,0.0,0,0,1.0,0,0,0,0.0,0,0,0,0,0,1,0,0,0,0,train
CRVS,2023-06-15,CPI-818,NCT03952078,0,1,0.0,0.043,1,0.2773,0.0,1.0,0,0,0.0,1,0,0,0.0,0,0,0,0,0,0,0,0,1,0,train
LLY,2023-06-15,LY3857210,NCT05620563,0,1,0.0,0.0073,89,0.2773,0.0,0.0,0,0,1.0,0,0,0,0.0,0,0,0,0,0,0,0,1,0,0,train
AZN,2023-07-05,Dapagliflozin,NCT04564742,0,6,0.0,0.0177,68,0.2773,0.0,0.0,1,0,1.0,0,0,0,0.0,0,1,0,0,0,0,0,0,0,0,train
BMEA,2023-06-20,BMF-219,NCT05731544,0,1,0.0,0.4809,1,0.2773,0.0,0.0,1,0,1.0,0,0,0,0.0,0,0,0,1,0,0,0,0,0,0,train
AZN,2023-06-23,Durvalumab,NCT04712903,0,1,0.0,0.0177,69,0.2773,0.0,0.0,0,0,1.0,1,0,0,0.0,0,0,0,0,0,0,0,0,1,0,train
MLTX,2023-06-26,sonelokimab,NCT03384745,1,1,0.0,0.3176,1,0.2773,0.0,0.0,1,0,1.0,0,0,0,0.0,0,0,1,0,0,0,0,0,0,0,train
AVTX,2023-06-26,AVTX-002,NCT05288504,1,2,0.0,0.3444,2,0.2773,0.0,0.0,1,0,1.0,0,0,0,0.0,0,0,0,0,0,0,0,0,0,1,train
AVTX,2023-06-26,AVTX-002,NCT05288504,1,4,0.0,0.3444,5,0.2773,0.0,0.0,1,0,1.0,0,0,0,0.0,0,0,0,0,0,0,0,0,0,1,train
AVTX,2023-06-26,AVTX-002,NCT05288504,1,3,0.0,0.3444,3,0.2773,0.0,0.0,1,0,1.0,0,0,0,0.0,0,0,0,0,0,0,0,0,0,1,train
AVTX,2023-06-26,AVTX-002,NCT05288504,1,5,0.0,0.3444,6,0.2773,0.0,0.0,1,0,1.0,0,0,0,0.0,0,0,0,0,0,0,0,0,0,1,train
AVTX,2023-06-26,AVTX-002 (quisovalimab),NCT05288504,1,1,0.0,0.3444,4,0.2773,0.0,0.0,1,0,1.0,0,0,0,0.0,0,0,0,0,0,0,0,0,0,1,train
MLTX,2023-06-26,Sonelokimab (M1095),NCT05322473,1,1,0.0,0.3176,2,0.2773,0.0,0.0,1,0,1.0,0,0,0,0.0,0,0,0,0,0,0,1,0,0,0,train
NKTX,2023-06-27,NKX101,NCT04623944,1,1,0.0,1.4718,1,0.2773,0.0,1.0,0,0,0.0,1,0,0,0.0,0,0,0,0,0,0,0,0,1,0,train
CGTX,2023-06-28,CT1812,NCT04735536,0,1,0.0,0.4085,2,0.2773,0.0,0.0,0,1,1.0,0,0,0,1.0,1,0,0,0,0,0,0,0,0,0,train
NVS,2023-07-01,NIS793,NCT04935359,0,1,0.0,0.0354,130,0.2773,0.0,0.0,1,0,1.0,1,0,0,0.0,0,0,0,0,0,0,0,0,1,0,train
ABOS,2023-07-17,ACU193,NCT04931459,1,1,0.0,0.6656,1,0.2773,0.0,0.0,0,1,1.0,0,0,0,0.0,1,0,0,0,0,0,0,0,0,0,train
ABBV,2023-07-17,Navitoclax,NCT04472598,0,1,0.0,0.0128,85,0.2773,0.0,0.0,1,0,1.0,1,0,0,0.0,0,0,0,0,0,0,0,0,1,0,train
VIR,2023-07-20,VIR-2482,NCT05567783,1,1,0.0,0.3693,4,0.2773,0.0,0.0,1,0,0.0,0,0,0,0.0,0,0,0,0,0,0,0,0,0,1,train
STOK,2023-07-25,STK-001,NCT04740476,1,1,0.0,0.1194,1,0.2773,0.0,1.0,0,1,0.0,0,1,0,0.0,1,0,0,0,0,0,0,0,0,0,train
RLMD,2023-07-27,REL-1017,NCT04855760,0,3,0.0,0.0416,3,0.2773,0.0,0.0,0,1,1.0,0,1,0,0.0,1,0,0,0,0,0,0,0,0,0,train
MRK,2023-07-27,V116,NCT05464420,0,3,0.0,0.0476,115,0.2773,0.0,0.0,1,0,1.0,0,0,0,0.0,0,0,0,0,0,0,1,0,0,0,train
LLY,2023-07-27,Tirzepatide,NCT04657016,0,12,0.0,0.0073,90,0.2773,0.0,0.0,1,0,1.0,0,0,0,0.0,0,0,0,1,0,0,0,0,0,0,train
TSHA,2023-08-14,TSHA-102,NCT05606614,1,1,0.0,0.2396,1,0.2773,0.0,0.0,0,1,0.0,0,1,0,1.0,1,0,0,0,0,0,0,0,0,0,train
MESO,2023-08-04,remestemcel-L,NCT04371393,1,1,0.0,0.0618,4,0.2773,0.0,0.0,0,0,0.0,0,0,0,0.0,0,0,0,0,0,0,0,0,0,1,train
CRDF,2023-08-08,onvansertib,NCT06106308,1,1,0.0,0.4461,2,0.2773,0.0,1.0,0,0,0.0,1,1,0,0.0,0,0,0,0,0,0,0,0,1,0,train
TERN,2023-08-08,TERN-501,NCT05415722,0,1,0.0,0.0645,2,0.2773,0.0,0.0,1,0,1.0,0,0,0,0.0,0,0,0,0,1,0,0,0,0,0,train
DWTX,2023-08-10,IMC-1,NCT04748705,1,1,0.0,0.1105,1,0.2773,0.0,0.0,1,1,1.0,0,0,0,0.0,1,0,0,0,0,0,0,0,0,0,train
PFE,2023-08-14,Elranatamab,NCT05228470,0,2,0.0,0.0953,97,0.2773,0.0,0.0,0,0,1.0,1,1,0,1.0,0,0,0,0,0,0,0,0,1,0,train
GLTO,2023-08-15,GB0139,NCT03832946,1,1,0.0,0.0043,1,0.2773,0.0,0.0,1,0,1.0,0,0,0,0.0,0,0,0,0,0,0,0,0,0,1,train
NRC,2023-08-21,Pitavastatin,NCT02344290,0,1,0.0,0.0135,274,0.2773,0.0,0.0,0,0,1.0,0,0,0,0.0,0,1,0,0,0,0,0,0,0,0,train
MRK,2023-08-22,Lenvatinib,NCT05523323,0,2,0.0,0.0476,116,0.2773,0.0,0.0,1,0,1.0,1,0,0,0.0,0,0,0,0,0,0,0,0,1,0,train
AZN,2023-08-25,AZD4573,NCT05140382,0,1,0.0,0.0177,70,0.2773,0.0,0.0,0,0,1.0,1,1,0,0.0,0,0,0,0,0,0,0,0,1,0,train
FGEN,2023-08-28,pamrevlumab,NCT03910543,0,1,0.0,2.8429,1,0.2773,0.0,0.0,0,0,1.0,0,0,0,0.0,0,0,1,0,0,0,0,0,0,0,train
ALEC,2023-08-31,Alecensa (alectinib),NCT06765109,0,1,0.0,1.0977,1,0.2773,0.0,0.0,0,0,0.0,1,0,0,0.0,0,0,0,0,0,0,0,0,1,0,train
NRC,2023-09-01,Ipilimumab,NCT03033576,0,3,0.0,0.0135,275,0.2773,0.0,0.0,0,0,1.0,1,0,0,0.0,0,0,0,0,0,0,0,0,1,0,train
TNXP,2023-09-05,TNX-102 SL,NCT02436096,0,3,0.0,1.0644,3,0.2773,0.0,0.0,1,1,1.0,0,0,0,0.0,1,0,0,0,0,0,0,0,0,0,train
TNXP,2023-09-05,TNX-102 SL,NCT02436096,0,2,0.0,1.0644,2,0.2773,0.0,0.0,1,1,1.0,0,0,0,0.0,1,0,0,0,0,0,0,0,0,0,train
TNXP,2023-09-05,TNX-102 SL,NCT05472090,0,4,0.0,1.0644,4,0.2773,0.0,0.0,1,1,1.0,0,0,0,0.0,1,0,0,0,0,0,0,0,0,0,train
ALKS,2023-09-06,ALKS 3831,NCT03201757,0,2,0.0,0.1184,3,0.2773,0.0,0.0,0,1,1.0,0,0,0,0.0,1,0,0,0,0,0,0,0,0,0,train
AZN,2023-09-06,MEDI7352,NCT04675034,0,1,0.0,0.0177,71,0.2773,0.0,0.0,1,0,1.0,0,0,0,0.0,0,0,0,0,0,0,0,1,0,0,train
HRMY,2023-09-08,Open-label pitolisant,NCT05156047,0,1,0.0,0.4717,2,0.2773,0.0,0.0,1,1,1.0,0,1,0,0.0,1,0,0,0,0,0,0,0,0,0,train
ABBV,2023-09-11,Upadacitinib,NCT04195698,0,10,0.0,0.0128,87,0.2773,0.0,0.0,0,0,1.0,0,1,0,0.0,0,0,0,0,0,1,0,0,0,0,train
BMY,2023-09-11,BMS-986278,NCT04308681,0,1,0.0,0.084,99,0.2773,0.0,0.0,1,0,1.0,0,0,0,0.0,0,0,0,0,0,0,0,0,0,1,train
CRNX,2023-09-11,paltusotine,NCT07087054,1,1,0.0,0.244,3,0.2773,0.0,0.0,0,0,0.0,1,0,0,0.0,0,0,0,0,0,0,0,0,1,0,train
RHHBY,2023-09-16,Acalabrutinib,NCT03788291,0,1,0.0,0.0404,109,0.2773,0.0,0.0,0,0,1.0,1,0,0,1.0,0,0,0,0,0,0,0,0,1,0,train
GILD,2023-09-18,Sacituzumab Govitecan-hziy,NCT03901339,0,1,0.0,0.052,38,0.2773,0.0,0.0,0,0,1.0,1,0,0,0.0,0,0,0,0,0,0,0,0,1,0,train
RYTM,2023-09-18,Setmelanotide,NCT04966741,0,6,0.0,0.0628,8,0.2773,0.0,0.0,0,1,1.0,0,1,0,1.0,1,0,0,0,0,0,0,0,0,0,train
ESLA,2023-09-20,elacestrant,NCT07242352,0,1,0.0,0.0312,1,0.2773,0.0,0.0,0,0,0.0,1,0,0,0.0,0,0,0,0,0,0,0,0,1,0,train
SLNO,2023-09-26,DCCR,NCT03440814,1,1,0.0,0.1456,1,0.2773,0.0,0.0,1,1,1.0,0,0,0,0.0,1,0,0,0,0,0,0,0,0,0,train
IMVT,2023-09-26,IMVT-1402,NCT07039916,1,1,0.0,0.1762,1,0.2773,0.0,0.0,1,0,0.0,1,0,0,0.0,0,0,0,0,0,0,0,0,1,0,train
NVS,2023-10-02,LNP023,NCT04578834,0,5,0.0,0.0354,132,0.2773,0.0,0.0,1,0,1.0,0,0,0,0.0,0,0,0,0,0,1,0,0,0,0,train
MRK,2023-10-02,Lenvatinib,NCT03884101,0,3,0.0,0.0476,117,0.2773,0.0,0.0,0,0,1.0,1,1,0,0.0,0,0,0,0,0,0,0,0,1,0,train
ALXO,2023-10-03,evorpacept,NCT05002127,1,1,0.0,0.2189,1,0.2773,0.0,1.0,0,0,0.0,1,0,0,0.0,0,0,0,0,0,0,0,0,1,0,train
PMVP,2023-10-06,PC14586,NCT04585750,0,1,0.0,1.4276,1,0.2773,0.0,0.0,0,0,0.0,1,1,0,0.0,0,0,0,0,0,0,0,0,1,0,train
VNDA,2023-10-09,Imsidolimab high dose,NCT05352893,0,1,0.0,0.5009,9,0.2773,0.0,0.0,1,0,1.0,0,0,0,1.0,0,0,1,0,0,0,0,0,0,0,train
BNTC,2023-10-10,BB-301,NCT06185673,0,1,0.0,0.5056,2,0.2773,0.0,0.0,0,1,0.0,0,1,0,1.0,1,0,0,0,0,0,0,0,0,0,train
RHHBY,2023-10-11,Faricimab,NCT04432831,0,5,0.0,0.0404,110,0.2773,0.0,0.0,0,0,1.0,0,1,0,0.0,0,0,0,1,0,0,0,0,0,0,train
ABBV,2023-10-12,Upadacitinib,NCT04927975,0,11,0.0,0.0128,88,0.2773,0.0,0.0,1,0,1.0,0,0,0,0.0,0,0,1,0,0,0,0,0,0,0,train
NUVL,2023-10-13,NVL-655,NCT05384626,0,1,0.0,0.1733,1,0.2773,0.0,0.0,0,0,0.0,1,0,0,0.0,0,0,0,0,0,0,0,0,1,0,train
AZN,2023-10-16,Durvalumab + SoC chemotherapy,NCT04385368,0,1,0.0,0.0177,72,0.2773,0.0,0.0,1,0,1.0,1,0,0,0.0,0,0,0,0,0,0,0,0,1,0,train
RHHBY,2023-10-19,RG7774,NCT04265261,0,1,0.0,0.0404,111,0.2773,0.0,0.0,0,0,1.0,0,0,0,0.0,0,0,0,1,0,0,0,0,0,0,train
AZN,2023-10-20,Durvalumab plus chemotherapy,NCT04449861,0,1,0.0,0.0177,73,0.2773,0.0,0.0,0,0,1.0,1,1,0,0.0,0,0,0,0,0,0,0,0,1,0,train
KURA,2023-10-21,Tipifarnib,NCT03719690,0,4,0.0,0.7236,4,0.2773,0.0,0.0,0,0,1.0,1,0,0,0.0,0,0,0,0,0,0,0,0,1,0,train
SRPT,2023-10-30,Elevidys,NCT05881408,0,1,0.0,0.535,2,0.2773,0.0,1.0,1,1,0.0,0,0,0,0.0,1,0,0,0,0,0,0,0,0,0,train
SRPT,2023-10-04,delandistrogene moxeparvovec,NCT05096221,0,1,0.0,0.535,3,0.2773,0.0,0.0,1,1,1.0,0,0,0,0.0,1,0,0,0,0,0,0,0,0,0,train
TNXP,2023-10-31,TNX-601 ER,NCT05686408,0,1,0.0,1.0644,6,0.2773,0.0,0.0,1,1,1.0,0,0,0,0.0,1,0,0,0,0,0,0,0,0,0,train
HURA,2023-10-31,VAL-083,NCT03970447,1,1,0.0,0.0286,1,0.2773,0.0,0.0,0,0,0.0,1,0,0,0.0,0,0,0,0,0,0,0,0,1,0,train
CLLS,2023-11-02,UCART22 and UCART20x22,NCT04150497,0,1,0.0,0.1337,1,0.2773,0.0,0.0,0,0,0.0,1,1,0,0.0,0,0,0,0,0,0,0,0,1,0,train
MIRA,2023-11-05,sonelokimab,NCT03384745,0,2,0.0,0.141,2,0.2773,0.0,0.0,1,0,1.0,0,0,0,0.0,0,0,1,0,0,0,0,0,0,0,train
AURA,2023-11-06,belzupacap sarotalocan (bel-sar),NCT06007690,0,1,0.0,0.4329,1,0.2773,0.0,0.0,0,0,0.0,1,0,0,0.0,0,0,0,0,0,0,0,0,1,0,train
VTYX,2023-11-07,VTX958,NCT05655299,1,1,0.0,0.1922,1,0.2773,0.0,0.0,1,0,0.0,0,0,0,0.0,0,0,1,0,0,0,0,0,0,0,train
MIRM,2023-11-07,Maralixibat,NCT04524390,0,2,0.0,0.0694,7,0.2773,0.0,0.0,1,0,1.0,0,0,0,0.0,0,0,0,0,1,0,0,0,0,0,train
ONMD,2023-11-08,Paradise system (Recor Medical),NCT05027685,0,1,0.0,0.0019,1,0.2773,0.0,0.0,0,0,0.0,0,0,0,0.0,0,1,0,0,0,0,0,0,0,0,train
AMGN,2023-11-10,VIB4920,NCT04129164,0,2,0.0,0.0436,36,0.2773,0.0,0.0,1,0,1.0,0,0,0,0.0,0,0,0,0,0,1,0,0,0,0,train
NVS,2023-11-11,LOU064 (blinded),NCT05032157,0,1,0.0,0.0354,133,0.2773,0.0,0.0,1,0,1.0,0,0,0,0.0,0,0,0,0,0,1,0,0,0,0,train
NVS,2023-11-12,Inclisiran,NCT04929249,0,2,0.0,0.0354,134,0.2773,0.0,0.0,0,0,1.0,0,1,0,0.0,0,1,0,0,0,0,0,0,0,0,train
PVLA,2023-11-13,PTX-022,NCT04893486,0,4,0.0,0.0398,4,0.2773,0.0,0.0,1,0,1.0,1,0,0,0.0,0,0,0,0,0,0,0,0,1,0,train
ACRS,2023-11-13,zunsemetinib,NCT05279417,1,2,0.0,0.3084,5,0.2773,0.0,0.0,1,0,1.0,0,0,0,0.0,0,0,0,0,0,1,0,0,0,0,train
ACRS,2023-11-13,ATI-450 50 mg oral tablet BID,NCT05279417,1,1,0.0,0.3084,4,0.2773,0.0,0.0,1,0,1.0,0,0,0,0.0,0,0,0,0,0,1,0,0,0,0,train
BMY,2023-11-14,nivolumab,NCT04340193,0,5,0.0,0.084,100,0.2773,0.0,0.0,1,0,1.0,1,0,0,1.0,0,0,0,0,0,0,0,0,1,0,train
FBIO,2023-11-20,MB-106,NCT05360238,0,1,0.0,0.8124,1,0.2773,0.0,0.0,0,0,0.0,1,1,0,1.0,0,0,0,0,0,0,0,0,1,0,train
TNXP,2023-11-14,"TNX-102 SL Tablet, 5.6 mg",NCT05273749,0,1,0.0,1.0644,7,0.2773,0.0,0.0,1,1,1.0,0,0,0,0.0,1,0,0,0,0,0,0,0,0,0,train
PFE,2023-11-20,Anti-Beta Interferon (PF-06823859),NCT05192200,0,1,0.0,0.0953,98,0.2773,0.0,0.0,0,0,1.0,0,1,0,1.0,0,0,1,0,0,0,0,0,0,0,train
CNTB,2023-11-21,rademikibart,NCT06940141,0,1,0.0,0.3968,4,0.2773,0.0,0.0,1,0,0.0,0,0,0,0.0,0,0,0,0,0,0,0,0,0,1,train
NVS,2023-11-30,[18F]CTT1057,NCT04838626,0,1,0.0,0.0354,135,0.2773,0.0,0.0,0,0,1.0,1,0,0,0.0,0,0,0,0,0,0,0,0,1,0,train
HELP,2023-12-01,CYB003,NCT05385783,0,1,0.0,0.532,1,0.2773,0.0,0.0,1,1,1.0,0,1,0,0.0,1,0,0,0,0,0,0,0,0,0,train
AZN,2023-12-01,Durvalumab,NCT03830866,0,2,0.0,0.0177,74,0.2773,0.0,0.0,1,0,1.0,1,0,0,0.0,0,0,0,0,0,0,0,0,1,0,train
ARVN,2023-12-05,vepdegestrant,NCT04072952,0,1,0.0,0.7035,1,0.2773,0.0,1.0,0,0,0.0,1,1,0,0.0,0,0,0,0,0,0,0,0,1,0,train
REPL,2023-12-05,RP1,NCT06264180,1,1,0.0,0.426,1,0.2773,0.0,0.0,0,0,0.0,1,0,0,0.0,0,0,0,0,0,0,0,0,1,0,train
IXHL,2023-12-04,IHL-42X,NCT06146101,0,1,0.0,1.3617,1,0.2773,0.0,1.0,1,1,0.0,0,0,0,0.0,1,0,0,0,0,0,0,0,0,0,train
NVS,2023-12-06,Dabrafenib,NCT02684058,0,7,0.0,0.0354,136,0.2773,0.0,0.0,0,0,1.0,1,1,0,0.0,0,0,0,0,0,0,0,0,1,0,train
IXHL,2023-12-06,IHL-42X,NCT06146101,0,2,0.0,1.3617,2,0.2773,0.0,1.0,1,1,0.0,0,0,0,0.0,1,0,0,0,0,0,0,0,0,0,train
MRK,2023-12-07,Pembrolizumab/Vibostolimab coformulation,NCT04725188,0,1,0.0,0.0476,118,0.2773,0.0,0.0,0,0,1.0,1,0,0,0.0,0,0,0,0,0,0,0,0,1,0,train
COGT,2023-12-11,bezuclastinib,NCT05186753,1,1,0.0,0.1429,2,0.2773,0.0,1.0,1,0,0.0,1,0,0,0.0,0,0,0,0,0,0,0,0,1,0,train
BMEA,2023-12-11,BMF-219,NCT05731544,0,2,0.0,0.4809,2,0.2773,0.0,0.0,1,0,1.0,0,0,0,0.0,0,0,0,1,0,0,0,0,0,0,train
IMMX,2023-12-11,NXC-201,NCT06971380,0,1,0.0,0.0372,1,0.2773,0.0,0.0,0,0,0.0,1,0,0,0.0,0,0,0,0,0,0,0,0,1,0,train
ADCT,2023-12-13,ZYNLONTA,NCT05672251,1,1,0.0,0.4621,2,0.2773,0.0,0.0,0,0,0.0,1,0,0,1.0,0,0,0,0,0,0,0,0,1,0,train
CCCC,2023-12-12,CFT7455,NCT04756726,1,1,0.0,0.1746,1,0.2773,0.0,1.0,0,0,0.0,1,1,0,0.0,0,0,0,0,0,0,0,0,1,0,train
ADCT,2023-12-12,ZYNLONTA (loncastuximab tesirine-lpyl),NCT05672251,0,1,0.0,0.4621,1,0.2773,0.0,0.0,0,0,0.0,1,0,0,1.0,0,0,0,0,0,0,0,0,1,0,train
STTK,2023-12-14,SL-172154,NCT05275439,1,2,0.0,0.347,2,0.2773,0.0,0.0,0,0,1.0,1,1,0,0.0,0,0,0,0,0,0,0,0,1,0,train
PFE,2023-12-13,PF-06882961 (Cohorts 1 and 2),NCT04707313,0,1,0.0,0.0953,99,0.2773,0.0,0.0,1,0,1.0,0,0,0,0.0,0,0,0,1,0,0,0,0,0,0,train
STTK,2023-12-13,SL-172154,NCT05275439,1,1,0.0,0.347,1,0.2773,0.0,0.0,0,0,1.0,1,1,0,0.0,0,0,0,0,0,0,0,0,1,0,train
VRCA,2023-12-15,TO-208,NCT02641392,1,1,0.0,0.2411,2,0.2773,0.0,0.0,0,0,0.0,0,0,0,0.0,0,0,0,0,1,0,0,0,0,0,train
QURE,2023-12-18,AMT-130,NCT04120493,0,1,0.0,0.713,1,0.2773,0.0,1.0,1,1,0.0,0,1,0,1.0,1,0,0,0,0,0,0,0,0,0,train
IVVD,2023-12-18,VYD222,NCT06039449,1,1,0.0,0.1783,1,0.2773,0.0,0.0,0,0,1.0,0,0,0,0.0,0,0,0,0,0,0,1,0,0,0,train
TNXP,2023-12-20,TNX-102 SL,NCT04172831,1,5,0.0,1.0644,8,0.2773,0.0,0.0,1,1,1.0,0,0,0,0.0,1,0,0,0,0,0,0,0,0,0,train
ACRS,2023-12-21,ATI-1777 2.0% w/w,NCT05432596,0,1,0.0,0.3084,6,0.2773,0.0,0.0,1,0,1.0,0,0,0,0.0,0,0,0,0,0,1,0,0,0,0,train
CYTK,2023-12-27,"Aficamten (5 mg, 10 mg, 15 mg, and 20 mg)",NCT05186818,1,1,0.0,0.116,4,0.2773,0.0,0.0,1,0,1.0,0,0,0,0.0,0,1,0,0,0,0,0,0,0,0,train
CYTK,2023-12-27,aficamten,NCT06081894,1,1,0.0,0.116,5,0.2773,0.0,1.0,1,0,0.0,0,0,0,0.0,0,1,0,0,0,0,0,0,0,0,train
BNTX,2023-12-28,bivalent BNT162b2 (original/Omi BA.4/BA.5),NCT05596734,0,1,0.0,0.5252,10,0.2773,0.0,0.0,0,0,1.0,0,0,0,0.0,0,0,0,0,0,0,1,0,0,0,train
AVXL,2024-01-02,blarcamesine (ANAVEX 2-73),NCT04314934,1,1,0.0,0.3208,7,0.2773,0.0,0.0,1,1,1.0,0,1,0,0.0,1,0,0,0,0,0,0,0,0,0,train
ALVO,2024-01-04,AVT06 (proposed aflibercept biosimilar),NCT05155293,0,1,0.0,0.0344,1,0.2773,0.0,0.0,0,0,1.0,0,0,0,0.0,0,1,0,0,0,0,0,0,0,0,train
AMLX,2024-03-08,AMX0035 (Relyvrio),NCT05619783,1,1,0.0,0.2065,1,0.2773,0.0,0.0,0,1,1.0,0,1,0,0.0,1,0,0,0,0,0,0,0,0,0,train
SGMT,2024-01-09,SGMT,NCT02599298,0,1,0.0,0.6284,1,0.2773,0.0,0.0,0,0,0.0,0,0,0,0.0,0,1,0,0,0,0,0,0,0,0,train
MRK,2024-01-10,Pembrolizumab,NCT04676412,0,34,0.0,0.0476,119,0.2773,0.0,0.0,1,0,1.0,1,0,0,0.0,0,0,0,0,0,0,0,0,1,0,train
LLY,2024-01-11,Lebrikizumab,NCT05369403,0,6,0.0,0.0073,92,0.2773,0.0,0.0,0,0,1.0,0,1,0,0.0,0,0,0,0,0,1,0,0,0,0,train
KRYS,2024-04,Mebendazole,NCT01837862,0,1,0.0,0.1027,2,0.2773,0.0,0.0,0,0,1.0,1,0,0,1.0,0,0,0,0,0,0,0,0,1,0,train
SNY,2024-01-22,teplizumab 1 mg/mL,NCT04270942,0,1,0.0,0.0653,64,0.2773,0.0,0.0,0,0,1.0,0,1,0,1.0,0,0,0,1,0,0,0,0,0,0,train
MRK,2024-01-23,Pembrolizumab,NCT03221426,0,35,0.0,0.0476,120,0.2773,0.0,0.0,1,0,1.0,1,0,0,0.0,0,0,0,0,0,0,0,0,1,0,train
CRBP,2024-01-23,CRB-701,NCT06265727,0,1,0.0,0.6915,3,0.2773,0.0,0.0,0,0,0.0,1,0,0,0.0,0,0,0,0,0,0,0,0,1,0,train
BNTX,2024-01-25,BNT111,NCT04526899,0,1,0.0,0.5252,11,0.2773,0.0,0.0,0,0,1.0,1,1,0,0.0,0,0,0,0,0,0,0,0,1,0,train
CRBP,2024-01-26,CRB-701,NCT06265727,1,2,0.0,0.6915,4,0.2773,0.0,0.0,0,0,0.0,1,0,0,0.0,0,0,0,0,0,0,0,0,1,0,train
IKT,2024-01-29,Risvodetinib,NCT05424276,0,1,0.0,0.3109,1,0.2773,0.0,0.0,0,1,1.0,0,0,0,0.0,1,0,0,0,0,0,0,0,0,0,train
SUPN,2024-01-29,SAGE-718,NCT05358821,0,3,0.0,0.0982,7,0.2773,0.0,0.0,1,1,1.0,0,0,0,0.0,1,0,0,0,0,0,0,0,0,0,train
VRTX,2024-01-30,Suzetrigine,NCT05660538,0,1,0.0,0.0524,21,0.2773,0.0,0.0,1,1,1.0,0,0,0,0.0,1,0,0,0,0,0,0,0,0,0,train
PLRX,2024-02-04,PLN-74809,NCT04480840,0,2,0.0,3.0263,3,0.2773,0.0,0.0,1,0,1.0,0,0,0,0.0,0,0,0,0,1,0,0,0,0,0,train
KALV,2024-02-12,KVD900 600 mg,NCT05259917,0,1,0.0,0.3757,2,0.2773,0.0,0.0,1,0,1.0,0,0,0,0.0,0,0,0,0,0,1,0,0,0,0,train
JANX,2024-02-13,JANX008,NCT05783622,0,1,0.0,0.2611,1,0.2773,0.0,0.0,0,0,0.0,1,1,0,0.0,0,0,0,0,0,0,0,0,1,0,train
NRC,2024-02-15,"Quadrivalent Human Papillomavirus (types 6, 11, 16, 18) Recombinant Vaccine",NCT03728881,0,1,0.0,0.0135,276,0.2773,0.0,0.0,0,0,1.0,1,0,0,0.0,0,0,0,0,0,0,0,0,1,0,train
MESO,2024-02-21,ADI-PEG 20 (pegargiminase),NCT06034977,0,1,0.0,0.0618,5,0.2773,0.0,0.0,0,0,0.0,1,1,0,0.0,0,0,0,0,0,0,0,0,1,0,train
MESO,2024-02-21,ADI-PEG20,NCT03449901,0,1,0.0,0.0618,6,0.2773,0.0,0.0,0,0,1.0,1,0,0,0.0,0,0,0,0,0,0,0,0,1,0,train
XERS,2024-02-22,levothyroxine sodium,NCT05823012,0,1,0.0,0.0902,3,0.2773,0.0,0.0,0,0,1.0,0,1,0,1.0,0,0,0,1,0,0,0,0,0,0,train
RHHBY,2024-02-23,Faricimab,NCT04740931,0,6,0.0,0.0404,112,0.2773,0.0,0.0,0,0,1.0,0,0,0,0.0,0,1,0,0,0,0,0,0,0,0,train
SNY,2024-02-24,Rilzabrutinib,NCT05104892,0,1,0.0,0.0653,65,0.2773,0.0,0.0,1,0,1.0,0,0,0,0.0,0,0,0,0,0,0,0,0,0,1,train
CADL,2024-02-25,CAN-2409,NCT01436968,0,1,0.0,0.3019,1,0.2773,0.0,1.0,0,0,0.0,1,0,0,0.0,0,0,0,0,0,0,0,0,1,0,train
SGMT,2024-02-29,denifanstat,NCT06248008,0,1,0.0,0.6284,2,0.2773,0.0,0.0,0,0,1.0,0,0,0,0.0,0,0,1,0,0,0,0,0,0,0,train
IRWD,2024-02-29,apraglutide,NCT04627025,1,1,0.0,0.1918,3,0.2773,0.0,0.0,1,0,1.0,0,0,0,0.0,0,0,0,0,1,0,0,0,0,0,train
MRK,2024-03-06,Pembrolizumab/Vibostolimab,NCT05665595,0,1,0.0,0.0476,121,0.2773,0.0,0.0,1,0,1.0,1,0,0,0.0,0,0,0,0,0,0,0,0,1,0,train
LLY,2024-03-10,Lebrikizumab,NCT05372419,0,7,0.0,0.0073,93,0.2773,0.0,0.0,0,0,1.0,0,1,0,0.0,0,0,0,0,0,1,0,0,0,0,train
ACAD,2024-03-11,Pimavanserin,NCT04531982,0,3,0.0,0.1973,6,0.2773,0.0,0.0,1,1,1.0,0,0,0,0.0,1,0,0,0,0,0,0,0,0,0,train
IONS,2024-03-13,ION224,NCT04932512,0,1,0.0,0.2037,11,0.2773,0.0,0.0,1,0,1.0,0,0,0,0.0,0,0,0,0,1,0,0,0,0,0,train
IMRX,2024-03-14,atebimetinib,NCT05585320,1,1,0.0,0.6305,2,0.2773,0.0,1.0,0,0,0.0,1,1,0,0.0,0,0,0,0,0,0,0,0,1,0,train
IMRX,2024-03-14,IMM-1-104,NCT05585320,1,1,0.0,0.6305,1,0.2773,0.0,1.0,0,0,0.0,1,1,0,0.0,0,0,0,0,0,0,0,0,1,0,train
ENGN,2024-03-25,EG-70 (detalimogene voraplasmid),NCT04752722,0,1,0.0,0.286,2,0.2773,0.0,0.0,0,0,0.0,1,0,0,0.0,0,0,0,0,0,0,0,0,1,0,train
AXSM,2024-03-25,AXS-12 (reboxetine),NCT05059223,0,1,0.0,0.0385,11,0.2773,0.0,0.0,1,1,1.0,0,0,0,0.0,1,0,0,0,0,0,0,0,0,0,train
EQ,2024-03-26,EQ101,NCT05589610,0,1,0.0,0.2987,3,0.2773,0.0,0.0,0,0,1.0,0,1,0,1.0,0,0,1,0,0,0,0,0,0,0,train
MRNA,2024-03-26,mRNA-1010,NCT05566639,0,2,0.0,0.277,6,0.2773,0.0,0.0,0,0,1.0,0,0,0,0.0,0,0,0,0,0,0,0,0,0,1,train
PFE,2024-03-27,In open-label phase: treatment with tofacitinib,NCT03000439,0,1,0.0,0.0953,100,0.2773,0.0,0.0,1,0,1.0,0,1,0,0.0,0,0,0,0,0,0,0,1,0,0,train
NRC,2024-04-01,JYNNEOS,NCT05512949,0,1,0.0,0.0135,277,0.2773,0.0,0.0,0,0,1.0,0,1,0,0.0,0,0,0,0,0,0,1,0,0,0,train
NVAX,2024-04-01,NVX-CoV2601 co-formulated Omicron XBB.1.5 SARS-CoV-2 rS vaccine,NCT05973006,0,1,0.0,0.4461,8,0.2773,0.0,0.0,1,0,1.0,0,0,0,0.0,0,0,0,0,0,0,1,0,0,0,train
CADL,2024-04-08,CAN-2409,NCT07332000,0,2,0.0,0.3019,2,0.2773,0.0,0.0,0,0,0.0,1,0,0,1.0,0,0,0,0,0,0,0,0,1,0,train
OM,2024-04-08,OCS-01,NCT06172257,0,1,0.0,2.6432,1,0.2773,0.0,1.0,0,0,0.0,0,0,0,0.0,0,0,0,1,0,0,0,0,0,0,train
RAPT,2024-04-09,FLX475,NCT03674567,0,1,0.0,0.0937,1,0.2773,0.0,0.0,0,0,1.0,1,0,0,0.0,0,0,0,0,0,0,0,0,1,0,train
PFE,2024-04-09,RSVpreF,NCT05842967,0,2,0.0,0.0953,101,0.2773,0.0,0.0,0,0,1.0,0,0,0,0.0,0,0,0,0,0,0,0,0,0,1,train
ELVN,2024-04-11,ELVN-001,NCT05304377,0,1,0.0,0.2711,1,0.2773,0.0,0.0,0,0,0.0,1,0,0,0.0,0,0,0,0,0,0,0,0,1,0,train
RZLT,2024-04-11,Experimental: Group 1 - 50mg RZ402,NCT05712720,0,1,0.0,0.4326,2,0.2773,0.0,0.0,0,0,1.0,0,0,0,0.0,0,0,0,1,0,0,0,0,0,0,train
ENLV,2024-04-11,Allocetra-OTS,NCT04612413,1,1,0.0,0.0667,1,0.2773,0.0,0.0,0,0,1.0,0,0,0,0.0,0,0,0,0,0,0,1,0,0,0,train
ENLV,2024-04-11,Allocetra,NCT06233474,1,1,0.0,0.0667,2,0.2773,0.0,1.0,1,0,0.0,0,0,0,0.0,0,0,0,0,0,0,0,1,0,0,train
LLY,2024-04-17,Tirzepatide,NCT05412004,0,13,0.0,0.0073,94,0.2773,0.0,0.0,1,1,1.0,0,0,0,0.0,1,0,0,0,0,0,0,0,0,0,train
ABBV,2024-04-18,Tavapadon,NCT04542499,0,1,0.0,0.0128,90,0.2773,0.0,0.0,1,1,1.0,0,0,0,0.0,1,0,0,0,0,0,0,0,0,0,train
ALVO,2024-04-23,AVT05 (proposed biosimilar to golimumab),NCT05842213,0,1,0.0,0.0344,2,0.2773,0.0,0.0,1,0,1.0,0,0,0,0.0,0,0,0,0,0,1,0,0,0,0,train
AZN,2024-04-25,MEDI6570,NCT04610892,0,1,0.0,0.0177,75,0.2773,0.0,0.0,1,0,1.0,0,0,0,0.0,0,1,0,0,0,0,0,0,0,0,train
ABBV,2024-03-19,Dupilumab,NCT05601882,0,1,0.0,0.0128,91,0.2773,0.0,0.0,1,0,1.0,0,1,0,0.0,0,0,0,0,0,1,0,0,0,0,train
NVS,2024-04-25,LRX712,NCT04097379,0,1,0.0,0.0354,137,0.2773,0.0,0.0,1,0,1.0,0,0,0,1.0,0,0,0,0,0,0,0,1,0,0,train
NRC,2024-04-20,L9LS (VRC-MALMAB0114-00-AB) Subcutaneous injection,NCT05304611,0,1,0.0,0.0135,278,0.2773,0.0,0.0,1,0,1.0,0,0,0,0.0,0,0,0,0,0,0,1,0,0,0,train
SNY,2024-04-26,Dupilumab SAR231893,NCT04456673,0,5,0.0,0.0653,66,0.2773,0.0,0.0,1,0,1.0,0,0,0,0.0,0,0,0,0,0,0,0,0,0,1,train
ENTA,2024-04-26,EDP-235,NCT05616728,0,1,0.0,0.4477,3,0.2773,0.0,0.0,1,0,1.0,0,0,0,0.0,0,0,0,0,0,0,1,0,0,0,train
MRK,2024-04-29,V116,NCT05696080,0,4,0.0,0.0476,122,0.2773,0.0,0.0,1,0,1.0,0,0,0,0.0,0,0,0,0,0,0,1,0,0,0,train
CGTX,2024-04-29,CT1812,NCT03507790,0,2,0.0,0.4085,3,0.2773,0.0,0.0,1,1,1.0,0,0,0,0.0,1,0,0,0,0,0,0,0,0,0,train
ANVS,2024-04-29,buntanetap,NCT06709014,1,1,0.0,0.2155,3,0.2773,0.0,0.0,1,1,0.0,0,0,0,0.0,1,0,0,0,0,0,0,0,0,0,train
MRK,2024-04-30,V116,NCT05569954,0,5,0.0,0.0476,123,0.2773,0.0,0.0,1,0,1.0,0,0,0,0.0,0,0,0,0,0,0,1,0,0,0,train
NRXP,2024-04-30,NRX-101,NCT07227103,0,1,0.0,0.1307,1,0.2773,0.0,0.0,1,1,0.0,0,0,0,0.0,1,0,0,0,0,0,0,0,0,0,train
CTMX,2024-05-08,CX-904,NCT05387265,0,1,0.0,0.1593,1,0.2773,0.0,0.0,0,0,0.0,1,1,0,0.0,0,0,0,0,0,0,0,0,1,0,train
CMPX,2024-05-08,Psilocybin,NCT05312151,0,3,0.0,0.2188,3,0.2773,0.0,0.0,0,1,1.0,0,0,0,1.0,1,0,0,0,0,0,0,0,0,0,train
RAPT,2024-05-09,zelnecirnon,NCT04593251,1,1,0.0,0.0941,2,0.2773,0.0,0.0,0,0,1.0,0,0,0,0.0,0,0,0,0,0,1,0,0,0,0,train
MGNX,2024-05-10,vobra duo,NCT05362773,1,1,0.0,1.311,2,0.2773,0.0,0.0,0,0,0.0,1,0,0,0.0,0,0,0,0,0,0,0,0,1,0,train
PLRX,2024-05-14,PLN-74809,NCT05621252,0,3,0.0,3.0263,4,0.2773,0.0,0.0,1,0,1.0,0,0,0,1.0,0,0,0,0,0,0,0,0,0,1,train
RHHBY,2024-05-15,Atezolizumab,NCT03371017,0,12,0.0,0.0404,113,0.2773,0.0,0.0,1,0,1.0,1,0,0,0.0,0,0,0,0,0,0,0,0,1,0,train
PROK,2024-05-15,rilparencel,NCT05099770,0,1,0.0,0.4032,2,0.2773,0.0,0.0,0,0,0.0,0,0,0,0.0,0,0,0,1,0,0,0,0,0,0,train
LLY,2024-05-17,Insulin Efsitora Alfa,NCT05362058,0,1,0.0,0.0073,95,0.2773,0.0,0.0,0,0,1.0,0,1,0,0.0,0,0,0,1,0,0,0,0,0,0,train
SNSE,2024-05-23,SNS-101,NCT05864144,0,1,0.0,2.1831,1,0.2773,0.0,1.0,0,0,0.0,0,1,0,0.0,0,0,0,0,0,0,0,0,0,1,train
SNSE,2024-05-24,SNS-101,NCT05864144,0,2,0.0,0.6305,2,0.2773,0.0,1.0,0,0,0.0,0,1,0,0.0,0,0,0,0,0,0,0,0,0,1,train
REGN,2024-05-24,REGN9933,NCT05618808,0,1,0.0,0.1041,27,0.2773,0.0,0.0,0,0,1.0,0,1,0,0.0,0,1,0,0,0,0,0,0,0,0,train
ELTX,2024-05-31,ELI-002,NCT05726864,0,1,0.0,0.0919,1,0.2773,0.0,1.0,0,0,0.0,1,0,0,0.0,0,0,0,0,0,0,0,0,1,0,train
ANNX,2024-06-01,ANX005,NCT04701164,0,2,0.0,0.2261,3,0.2773,0.0,0.0,1,0,1.0,0,0,0,0.0,0,0,0,0,0,1,0,0,0,0,train
MRUS,2024-06-03,petosemtamab (MCLA-158),NCT06525220,1,1,0.0,0.6376,1,0.2773,0.0,0.0,0,0,0.0,1,1,0,0.0,0,0,0,0,0,0,0,0,1,0,train
MRK,2024-06-03,pembrolizumab,NCT04776148,0,11,0.0,0.0476,124,0.2773,0.0,0.0,0,0,1.0,1,0,0,0.0,0,0,0,0,0,0,0,0,1,0,train
ANNX,2024-06-04,ANX005,NCT04569435,1,3,0.0,0.2589,4,0.2773,0.0,0.0,0,1,1.0,0,0,0,1.0,1,0,0,0,0,0,0,0,0,0,train
EQ,2024-06-04,EQ101,NCT05589610,0,2,0.0,0.2987,4,0.2773,0.0,0.0,0,0,1.0,0,1,0,1.0,0,0,1,0,0,0,0,0,0,0,train
HRMY,2024-06-05,Pitolisant Oral Tablet,NCT04886518,0,1,0.0,0.4717,3,0.2773,0.0,0.0,1,1,1.0,0,1,0,1.0,1,0,0,0,0,0,0,0,0,0,train
ABBV,2024-06-06,Mirvetuximab soravtansine,NCT05041257,0,1,0.0,0.0128,93,0.2773,0.0,0.0,0,0,1.0,0,0,0,0.0,0,0,0,1,0,0,0,0,0,0,train
INDV,2024-06-10,INDV-2000,NCT06384157,0,1,0.0,0.0477,1,0.2773,0.0,0.0,1,1,1.0,0,0,0,0.0,1,0,0,0,0,0,0,0,0,0,train
MRNA,2024-06-10,mRNA-1083,NCT06097273,0,1,0.0,0.277,7,0.2773,0.0,0.0,0,0,1.0,0,0,0,0.0,0,0,0,0,0,0,0,0,0,1,train
MBOT,2024-06-11,LIBERTY Endovascular Robotic Surgical System,NCT07301190,0,1,0.0,0.4954,1,0.2773,0.0,0.0,0,0,0.0,0,0,0,1.0,0,1,0,0,0,0,0,0,0,0,train
CRDL,2024-06-15,CardiolRx,NCT05494788,0,1,0.0,0.1018,4,0.2773,0.0,0.0,0,0,1.0,0,1,0,1.0,0,1,0,0,0,0,0,0,0,0,train
BHC,2024-06-14,Low Dose MT-1303,NCT04857112,0,1,0.0,0.5946,14,0.2773,0.0,0.0,1,0,1.0,0,0,0,0.0,0,0,0,0,1,0,0,0,0,0,train
OVID,2024-06-17,soticlestat,NCT05163314,1,1,0.0,0.2205,1,0.2773,0.0,0.0,0,1,0.0,0,1,0,0.0,1,0,0,0,0,0,0,0,0,0,train
SLN,2024-06-20,zerlasiran,NCT05537571,0,1,0.0,0.3977,1,0.2773,0.0,0.0,1,0,1.0,0,0,0,0.0,0,1,0,0,0,0,0,0,0,0,train
MRNA,2024-06-24,mRNA-1010,NCT05827978,0,3,0.0,0.277,8,0.2773,0.0,0.0,0,0,1.0,0,0,0,0.0,0,0,0,0,0,0,0,0,0,1,train
WVE,2024-06-25,SAD: 30mg WVE-003,NCT05032196,0,1,0.0,0.2327,1,0.2773,0.0,0.0,1,1,1.0,0,0,0,1.0,1,0,0,0,0,0,0,0,0,0,train
LPCN,2024-06-25,LPCN 1154,NCT02081300,0,2,0.0,0.2731,4,0.2773,0.0,0.0,0,0,1.0,0,0,0,0.0,0,0,0,1,0,0,0,0,0,0,train
IMMP,2024-06-27,eftilagimod alpha,NCT04811027,1,2,0.0,0.2405,3,0.2773,0.0,0.0,0,0,1.0,1,1,0,0.0,0,0,0,0,0,0,0,0,1,0,train
ANVS,2024-07-02,buntanetap,NCT06709014,1,2,0.0,0.2155,4,0.2773,0.0,0.0,1,1,0.0,0,0,0,0.0,1,0,0,0,0,0,0,0,0,0,train
RNAC,2024-07-02,Descartes-08,NCT07391605,0,1,0.0,0.7264,2,0.2773,0.0,0.0,1,1,0.0,0,0,0,0.0,1,0,0,0,0,0,0,0,0,0,train
ANVS,2024-07-08,buntanetap,NCT06709014,1,3,0.0,0.2155,5,0.2773,0.0,0.0,1,1,0.0,0,0,0,0.0,1,0,0,0,0,0,0,0,0,0,train
RHHBY,2024-07-03,Tiragolumab,NCT04619797,0,2,0.0,0.0404,114,0.2773,0.0,0.0,1,0,1.0,1,0,0,0.0,0,0,0,0,0,0,0,0,1,0,train
MRK,2024-07-08,V116,NCT05420961,0,6,0.0,0.0476,126,0.2773,0.0,0.0,0,0,1.0,0,0,0,0.0,0,0,0,0,0,0,0,0,0,1,train
QURE,2024-07-09,AMT-130,NCT04120493,1,2,0.0,2.0568,2,0.2773,0.0,1.0,1,1,0.0,0,1,0,1.0,1,0,0,0,0,0,0,0,0,0,train
KZIA,2024-07-10,paxalisib,NCT05009992,1,3,0.0,0.0449,3,0.2773,0.0,0.0,0,0,0.0,1,0,0,0.0,0,0,0,0,0,0,0,0,1,0,train
KZIA,2024-07-11,paxalisib,NCT03970447,1,2,0.0,0.0449,2,0.2773,0.0,0.0,0,0,0.0,1,0,0,0.0,0,0,0,0,0,0,0,0,1,0,train
KZIA,2024-07-10,paxalisib,NCT05009992,1,1,0.0,0.0449,1,0.2773,0.0,0.0,0,0,0.0,1,0,0,0.0,0,0,0,0,0,0,0,0,1,0,train
ARMP,2024-07-11,AP-PA02,NCT05616221,0,2,0.0,0.0378,2,0.2773,0.0,0.0,1,0,1.0,0,0,0,1.0,0,0,0,0,0,0,1,0,0,0,train
APLS,2024-07-11,Pegcetacoplan,NCT05067127,0,2,0.0,0.1746,7,0.2773,0.0,0.0,1,0,1.0,0,0,0,0.0,0,0,0,0,0,1,0,0,0,0,train
VRDN,2024-07-15,VRDN-001 Phase 3 Cohort (THRIVE),NCT05176639,0,1,0.0,0.3119,1,0.2773,0.0,0.0,0,0,1.0,0,0,0,0.0,0,0,0,1,0,0,0,0,0,0,train
AGEN,2024-07-18,botensilimab (BOT) and balstilimab (BAL),NCT05864534,1,1,0.0,0.0291,4,0.2773,0.0,0.0,0,0,0.0,1,0,0,1.0,0,0,0,0,0,0,0,0,1,0,train
SNY,2024-07-25,Quadrivalent Influenza mRNA Vaccine MRT5421,NCT06361875,0,1,0.0,0.0653,67,0.2773,0.0,0.0,0,0,1.0,0,0,0,0.0,0,0,0,0,0,0,0,0,0,1,train
MRK,2024-07-26,Sotatercept,NCT04896008,0,3,0.0,0.0476,127,0.2773,0.0,0.0,1,0,1.0,0,0,0,0.0,0,1,0,0,0,0,0,0,0,0,train
CLDX,2024-07-29,barzolvolimab,NCT05405660,0,1,0.0,0.2917,1,0.2773,0.0,0.0,1,0,1.0,0,0,0,0.0,0,0,0,0,0,1,0,0,0,0,train
PEPG,2024-07-31,PGN-EDO51,NCT06079736,1,1,0.0,0.3828,1,0.2773,0.0,0.0,0,1,0.0,0,1,0,1.0,1,0,0,0,0,0,0,0,0,0,train
BMY,2024-07-31,Nivolumab,NCT03668119,0,47,0.0,0.084,101,0.2773,0.0,0.0,0,0,1.0,1,1,0,0.0,0,0,0,0,0,0,0,0,1,0,train
LONA,2024-08-01,ATH-1017,NCT04488419,0,2,0.0,0.4791,2,0.2773,0.0,0.0,1,1,1.0,0,0,0,0.0,1,0,0,0,0,0,0,0,0,0,train
LLY,2024-08-01,Tirzepatide,NCT04847557,0,14,0.0,0.0073,96,0.2773,0.0,0.0,1,0,1.0,0,0,0,0.0,0,0,0,1,0,0,0,0,0,0,train
PFE,2024-09-20,RSVpreF MDV,NCT06473519,0,1,0.0,0.0953,103,0.2773,0.0,0.0,0,0,1.0,0,1,0,0.0,0,0,0,0,0,0,1,0,0,0,train
LLY,2024-08-07,LY3372689,NCT05063539,0,1,0.0,0.0073,97,0.2773,0.0,0.0,0,1,1.0,0,0,0,0.0,1,0,0,0,0,0,0,0,0,0,train
BNTX,2024-08-07,Influenza and COVID-19 Combination A,NCT06178991,0,1,0.0,0.5252,12,0.2773,0.0,0.0,1,0,1.0,0,0,0,0.0,0,0,0,0,0,0,1,0,0,0,train
LYEL,2024-08-07,LYL797,NCT05274451,0,1,0.0,0.6268,1,0.2773,0.0,0.0,0,0,0.0,1,0,0,0.0,0,0,0,0,0,0,0,0,1,0,train
CABA,2024-08-08,CABA-201,NCT06154252,1,1,0.0,0.5003,1,0.2773,0.0,0.0,0,0,0.0,0,1,0,0.0,0,0,0,0,0,1,0,0,0,0,train
PRLD,2024-08-13,PRT3789,NCT05639751,0,1,0.0,0.317,1,0.2773,0.0,0.0,0,0,1.0,1,1,0,0.0,0,0,0,0,0,0,0,0,1,0,train
MBX,2024-08-12,MBX 2109,NCT06465108,0,1,0.0,0.268,1,0.2773,0.0,0.0,1,0,1.0,0,0,0,0.0,0,0,0,1,0,0,0,0,0,0,train
VRCA,2024-08-14,VP-315,NCT05188729,1,1,0.0,1.4772,3,0.2773,0.0,0.0,0,0,1.0,0,1,0,0.0,0,0,1,0,0,0,0,0,0,0,train
MRK,2024-08-15,favezelimab/pembrolizumab,NCT05064059,0,1,0.0,0.0476,128,0.2773,0.0,0.0,0,0,1.0,1,0,0,0.0,0,0,0,0,0,0,0,0,1,0,train
NRC,2024-08-15,Tecovirimat Oral Capsule,NCT05559099,0,1,0.0,0.0135,279,0.2773,0.0,0.0,1,0,1.0,0,0,0,0.0,0,0,0,0,0,0,1,0,0,0,train
ALNY,2024-08-30,vutrisiran,NCT04153149,0,1,0.0,0.0698,6,0.2773,0.0,1.0,1,0,0.0,0,0,0,0.0,0,1,0,0,0,0,0,0,0,0,train
SNY,2024-09-02,Tolebrutinib,NCT04410978,0,1,0.0,0.0653,68,0.2773,0.0,0.0,1,1,1.0,0,0,0,0.0,1,0,0,0,0,0,0,0,0,0,train
PCVX,2024-09-03,VAX-31,NCT06720038,1,1,0.0,0.2203,2,0.2773,0.0,1.0,1,0,0.0,0,0,0,0.0,0,0,0,0,0,0,0,0,0,1,train
SMMT,2024-09-08,ivonescimab,NCT07229417,1,1,0.0,0.0639,1,0.2773,0.0,0.0,0,0,0.0,1,0,0,1.0,0,0,0,0,0,0,0,0,1,0,train
MRK,2024-09-09,favezelimab/pembrolizumab,NCT05600309,0,2,0.0,0.0476,129,0.2773,0.0,0.0,0,0,1.0,1,0,0,0.0,0,0,0,0,0,0,0,0,1,0,train
IMRX,2024-09-12,IMM-1-104,NCT05585320,0,2,0.0,0.6305,3,0.2773,0.0,1.0,0,0,0.0,1,1,0,0.0,0,0,0,0,0,0,0,0,1,0,train
FULC,2024-09-12,losmapimod,NCT04264442,1,1,0.0,0.2861,3,0.2773,0.0,0.0,1,1,0.0,0,1,0,0.0,1,0,0,0,0,0,0,0,0,0,train
MRK,2024-09-13,Pembrolizumab,NCT03615326,0,36,0.0,0.0476,130,0.2773,0.0,0.0,1,0,1.0,1,0,0,0.0,0,0,0,0,0,0,0,0,1,0,train
PFE,2024-09-14,ponsegromab,NCT05546476,0,1,0.0,0.0953,104,0.2773,0.0,0.0,1,0,1.0,0,1,0,0.0,0,0,0,0,0,0,0,0,0,1,train
VRDN,2024-09-16,veligrotug,NCT06021054,0,1,0.0,0.322,2,0.2773,0.0,0.0,0,0,1.0,0,0,0,0.0,0,0,0,1,0,0,0,0,0,0,train
RHHBY,2024-09-19,Baloxavir Marboxil,NCT03969212,0,1,0.0,0.0404,115,0.2773,0.0,0.0,1,0,1.0,0,0,0,0.0,0,0,0,0,0,0,0,0,0,1,train
TIL,2024-09-13,"BRG01, BST02, BRL03",NCT05864924,1,1,0.0,1.3195,1,0.2773,0.0,0.0,0,0,1.0,1,0,0,1.0,0,0,0,0,0,0,0,0,1,0,train
NVS,2024-09-20,Ofatumumab,NCT04486716,0,2,0.0,0.0354,139,0.2773,0.0,0.0,0,1,1.0,0,0,0,0.0,1,0,0,0,0,0,0,0,0,0,train
PRLD,2024-09-20,PRT3789,NCT05639751,0,2,0.0,0.317,2,0.2773,0.0,0.0,0,0,1.0,1,1,0,0.0,0,0,0,0,0,0,0,0,1,0,train
WVE,2024-09-24,WVE-N531,NCT07209332,1,1,0.0,0.2327,2,0.2773,0.0,0.0,0,1,0.0,0,1,0,0.0,1,0,0,0,0,0,0,0,0,0,train
AMGN,2024-09-25,Rocatinlimab,NCT05651711,0,1,0.0,0.0436,37,0.2773,0.0,0.0,1,0,1.0,0,0,0,0.0,0,0,0,0,0,1,0,0,0,0,train
LLY,2024-09-25,Lebrikizumab,NCT04392154,0,8,0.0,0.0073,98,0.2773,0.0,0.0,0,0,1.0,0,0,0,0.0,0,0,0,0,0,1,0,0,0,0,train
OCS,2024-10-01,OCS-05 +SoC (corticosteroid) IV administration,NCT04762017,0,1,0.0,0.0854,3,0.2773,0.0,0.0,1,1,1.0,0,0,0,1.0,1,0,0,0,0,0,0,0,0,0,train
MGTX,2024-10-01,AAV-GAD Low Dose,NCT05603312,0,1,0.0,0.0243,3,0.2773,0.0,0.0,1,1,1.0,0,0,0,1.0,1,0,0,0,0,0,0,0,0,0,train
ABBV,2024-10-02,RGX-314,NCT04832724,0,1,0.0,0.0128,94,0.2773,0.0,0.0,0,0,1.0,0,1,0,0.0,0,1,0,0,0,0,0,0,0,0,train
ANRO,2024-10-07,ALTO-100,NCT05712187,0,1,0.0,0.2253,1,0.2773,0.0,0.0,1,1,1.0,0,1,0,0.0,1,0,0,0,0,0,0,0,0,0,train
SUPN,2024-10-08,SAGE-718,NCT05619692,0,4,0.0,0.0982,8,0.2773,0.0,0.0,1,1,1.0,0,0,0,0.0,1,0,0,0,0,0,0,0,0,0,train
ARCT,2024-10-09,ARCT-2303,NCT06279871,0,1,0.0,0.7716,2,0.2773,0.0,0.0,0,0,1.0,0,0,0,0.0,0,0,0,0,0,0,1,0,0,0,train
MRK,2024-10-14,Tulisokibart,NCT04996797,0,1,0.0,0.0476,131,0.2773,0.0,0.0,1,0,1.0,0,1,0,0.0,0,0,0,0,1,0,0,0,0,0,train
VIR,2024-10-15,VIR-3434,NCT05612581,0,1,0.0,0.3693,5,0.2773,0.0,0.0,0,0,1.0,0,0,0,1.0,0,0,0,0,1,0,0,0,0,0,train
NVAX,2024-10-16,NVX-CoV2705 Vaccine,NCT06409663,0,1,0.0,0.4461,9,0.2773,0.0,0.0,0,0,1.0,0,1,0,0.0,0,0,0,0,0,0,0,0,0,1,train
WVE,2024-10-16,WVE-006,NCT06186492,1,1,0.0,0.2327,3,0.2773,0.0,0.0,1,0,1.0,0,0,0,1.0,0,0,0,0,0,0,0,0,0,1,train
DRUG,2024-10-18,GMRx2,NCT04518306,1,1,0.0,0.1085,3,0.2773,0.0,0.0,0,0,1.0,0,0,0,0.0,0,1,0,0,0,0,0,0,0,0,train
DRUG,2024-10-18,Omvoh,NCT06249555,1,1,0.0,0.1085,2,0.2773,0.0,0.0,0,0,0.0,0,0,0,0.0,0,0,0,0,1,0,0,0,0,0,train
NVS,2024-10-27,MAS825,NCT06097663,0,2,0.0,0.0354,141,0.2773,0.0,0.0,1,0,1.0,0,0,0,1.0,0,1,0,0,0,0,0,0,0,0,train
SPRO,2024-10-29,SPR720 500 mg,NCT05496374,0,1,0.0,0.3974,2,0.2773,0.0,0.0,1,0,1.0,0,0,0,1.0,0,0,0,0,0,0,0,0,0,1,train
SRRK,2024-10-30,Apitegromab,NCT05156320,0,1,0.0,0.0818,2,0.2773,0.0,0.0,1,1,1.0,0,0,0,0.0,1,0,0,0,0,0,0,0,0,0,train
PYXS,2024-11-01,PYX-201,NCT06795412,0,1,0.0,0.8339,1,0.2773,0.0,0.0,0,0,0.0,1,1,0,0.0,0,0,0,0,0,0,0,0,1,0,train
BMY,2024-11-07,BMS-986249,NCT03369223,0,1,0.0,0.084,102,0.2773,0.0,0.0,0,0,1.0,1,0,0,0.0,0,0,0,0,0,0,0,0,1,0,train
AZN,2024-11-07,Experimental: Tezepelumab,NCT04851964,0,2,0.0,0.0177,76,0.2773,0.0,0.0,1,0,1.0,0,0,0,0.0,0,0,0,0,0,0,0,0,0,1,train
CBIO,2024-11-08,CUE-101 and CUE-102,NCT03978689,0,1,0.0,0.5792,1,0.2773,0.0,0.0,0,0,1.0,1,1,0,0.0,0,0,0,0,0,0,0,0,1,0,train
NRC,2024-11-09,HBI-8000 in combination with nivolumab,NCT02718066,0,1,0.0,0.0135,280,0.2773,0.0,0.0,0,0,1.0,1,0,0,0.0,0,0,0,0,0,0,0,0,1,0,train
RAPT,2024-11-11,zelnecirnon (RPT193),NCT05935332,1,1,0.0,0.0941,3,0.2773,0.0,0.0,0,0,0.0,0,0,0,1.0,0,0,0,0,0,0,0,0,0,1,train
NGNE,2024-11-12,NGN-401,NCT05898620,1,2,0.0,0.7293,2,0.2773,0.0,0.0,0,1,0.0,0,1,0,1.0,1,0,0,0,0,0,0,0,0,0,train
ABBV,2024-11-11,Emraclidine 10 mg,NCT05227690,1,1,0.0,0.0128,95,0.2773,0.0,0.0,1,1,1.0,0,0,0,0.0,1,0,0,0,0,0,0,0,0,0,train
NGNE,2024-11-11,NGN-401,NCT05898620,0,1,0.0,0.7293,1,0.2773,0.0,0.0,0,1,0.0,0,1,0,1.0,1,0,0,0,0,0,0,0,0,0,train
ARMP,2024-11-07,AP-SA02,NCT05184764,0,1,0.0,0.0378,3,0.2773,0.0,0.0,1,0,1.0,0,0,0,0.0,0,0,0,0,0,0,1,0,0,0,train
NVCT,2024-11-14,NXP800,NCT05226507,1,1,0.0,0.1346,1,0.2773,0.0,1.0,0,0,0.0,0,0,0,1.0,0,0,0,1,0,0,0,0,0,0,train
BMY,2024-11-14,Nivolumab,NCT02477826,0,48,0.0,0.084,103,0.2773,0.0,0.0,0,0,1.0,1,1,0,0.0,0,0,0,0,0,0,0,0,1,0,train
GILD,2024-11-14,Sacituzumab Govitecan-hziy,NCT04527991,0,2,0.0,0.052,39,0.2773,0.0,0.0,0,0,1.0,1,1,0,0.0,0,0,0,0,0,0,0,0,1,0,train
ABUS,2024-11-15,AB-729,NCT04980482,0,1,0.0,0.1046,1,0.2773,0.0,0.0,0,0,1.0,0,1,0,1.0,0,0,0,0,1,0,0,0,0,0,train
DWTX,2024-11-18,IMC-2,NCT06316843,0,1,0.0,0.1105,2,0.2773,0.0,0.0,1,0,1.0,0,0,0,0.0,0,0,0,0,0,0,1,0,0,0,train
DWTX,2024-11-20,IMC-2,NCT06316843,0,2,0.0,0.1105,3,0.2773,0.0,0.0,1,0,1.0,0,0,0,0.0,0,0,0,0,0,0,1,0,0,0,train
NAMS,2024-11-20,Combination Therapy,NCT06005597,1,1,0.0,0.156,4,0.2773,0.0,0.0,1,0,1.0,0,0,0,0.0,0,1,0,0,0,0,0,0,0,0,train
ALEC,2024-11-26,AL002,NCT04592874,0,1,0.0,1.0977,2,0.2773,0.0,0.0,1,1,1.0,0,0,0,0.0,1,0,0,0,0,0,0,0,0,0,train
SAVA,2024-11-25,simufilam,NCT06390410,1,1,0.0,1.0507,2,0.2773,0.0,0.0,0,0,1.0,0,0,0,1.0,0,0,0,0,1,0,0,0,0,0,train
AXSM,2024-11-26,AXS-12 (reboxetine),NCT05113745,0,2,0.0,0.0385,12,0.2773,0.0,0.0,0,1,1.0,0,0,0,0.0,1,0,0,0,0,0,0,0,0,0,train
AMGN,2024-11-26,Maridebart Cafraglutide,NCT05669599,0,1,0.0,0.0436,38,0.2773,0.0,0.0,1,0,1.0,0,0,0,0.0,0,0,0,1,0,0,0,0,0,0,train
AZN,2024-11-27,BFF MDI 160/9.6 μg BID (320/19.2μg/day),NCT05755906,0,1,0.0,0.0177,77,0.2773,0.0,0.0,1,0,1.0,0,0,0,0.0,0,0,0,0,0,0,0,0,0,1,train
CRDF,2024-12-01,onvansertib,NCT06106308,0,2,0.0,0.4461,3,0.2773,0.0,1.0,0,0,0.0,1,1,0,0.0,0,0,0,0,0,0,0,0,1,0,train
HCM,2024-11-30,Tazemetostat,NCT05467943,0,1,0.0,0.5277,2,0.2773,0.0,0.0,0,0,1.0,1,1,0,1.0,0,0,0,0,0,0,0,0,1,0,train
JANX,2024-12-03,JANX007,NCT05519449,1,1,0.0,0.2611,2,0.2773,0.0,0.0,0,0,0.0,1,1,0,0.0,0,0,0,0,0,0,0,0,1,0,train
OM,2024-12-03,ADSTILADRIN (nadofaragene firadenovec-vncg),NCT06545955,0,1,0.0,2.6432,2,0.2773,0.0,0.0,0,0,0.0,1,1,0,0.0,0,0,0,0,0,0,0,0,1,0,train
RLMD,2024-12-04,REL-1017,NCT04855760,1,4,0.0,0.0416,4,0.2773,0.0,0.0,0,1,1.0,0,1,0,0.0,1,0,0,0,0,0,0,0,0,0,train
LLY,2024-12-04,Tirzepatide,NCT05822830,0,15,0.0,0.0073,99,0.2773,0.0,0.0,0,0,1.0,0,0,0,0.0,0,0,0,1,0,0,0,0,0,0,train
TARA,2024-12-05,TARA-002,NCT05951179,1,1,0.0,0.3894,1,0.2773,0.0,0.0,0,0,0.0,1,1,0,0.0,0,0,0,0,0,0,0,0,1,0,train
IMRX,2024-12-05,IMM-1-104 (atebimetinib combination),NCT05585320,0,1,0.0,0.6305,4,0.2773,0.0,1.0,0,0,0.0,1,1,0,0.0,0,0,0,0,0,0,0,0,1,0,train
PRLD,2024-12-06,PRT2527,NCT05665530,0,1,0.0,0.317,3,0.2773,0.0,0.0,0,0,1.0,1,1,0,0.0,0,0,0,0,0,0,0,0,1,0,train
BIOA,2024-12-09,azelaprag,NCT06515418,1,1,0.0,0.3074,1,0.2773,0.0,0.0,1,0,0.0,0,0,0,0.0,0,0,0,1,0,0,0,0,0,0,train
PRTC,2024-12-09,LYT-200,NCT04666688,0,1,0.0,0.8174,1,0.2773,0.0,0.0,0,0,1.0,1,1,0,1.0,0,0,0,0,0,0,0,0,1,0,train
SLS,2024-12-09,SLS009,NCT04588922,0,1,0.0,0.0528,2,0.2773,0.0,0.0,0,0,0.0,1,1,0,0.0,0,0,0,0,0,0,0,0,1,0,train
ABBV,2024-12-09,Tavapadon,NCT04201093,0,2,0.0,0.0128,96,0.2773,0.0,0.0,1,1,1.0,0,0,0,0.0,1,0,0,0,0,0,0,0,0,0,train
ALXO,2024-12-10,evorpacept,NCT04643002,0,2,0.0,0.2189,2,0.2773,0.0,0.0,0,0,0.0,1,0,0,0.0,0,0,0,0,0,0,0,0,1,0,train
QTTB,2024-12-11,bempikibart,NCT06018428,1,1,0.0,0.8734,1,0.2773,0.0,1.0,1,0,0.0,0,1,0,0.0,0,0,1,0,0,0,0,0,0,0,train
NAMS,2024-12-10,Obicetrapib,NCT05142722,1,3,0.0,0.156,5,0.2773,0.0,0.0,1,0,1.0,0,0,0,0.0,0,1,0,0,0,0,0,0,0,0,train
CADL,2024-12-11,CAN-2409,NCT01436968,1,3,0.0,0.3019,3,0.2773,0.0,1.0,0,0,0.0,1,0,0,0.0,0,0,0,0,0,0,0,0,1,0,train
CRDF,2024-12-11,Onvansertib,NCT05593328,0,2,0.0,0.4461,4,0.2773,0.0,0.0,0,0,1.0,1,1,0,1.0,0,0,0,0,0,0,0,0,1,0,train
ADCT,2024-12-11,ZYNLONTA,NCT04970901,1,3,0.0,0.4621,4,0.2773,0.0,0.0,0,0,0.0,1,1,0,0.0,0,0,0,0,0,0,0,0,1,0,train
CADL,2024-12-13,CAN-2409,NCT01436968,0,4,0.0,0.3019,4,0.2773,0.0,1.0,0,0,0.0,1,0,0,0.0,0,0,0,0,0,0,0,0,1,0,train
ADCT,2024-12-11,ZYNLONTA,NCT04970901,1,2,0.0,0.4621,3,0.2773,0.0,0.0,0,0,0.0,1,1,0,0.0,0,0,0,0,0,0,0,0,1,0,train
ANAB,2024-12-11,ANB032,NCT05935085,1,1,0.0,0.1677,2,0.2773,0.0,0.0,1,0,0.0,0,0,0,0.0,0,0,0,0,0,1,0,0,0,0,train
CADL,2024-12-11,CAN-2409,NCT01436968,1,5,0.0,0.3019,5,0.2773,0.0,1.0,0,0,0.0,1,0,0,0.0,0,0,0,0,0,0,0,0,1,0,train
KROS,2024-12-12,cibotercept (KER-012),NCT05975905,1,1,0.0,1.3729,1,0.2773,0.0,0.0,1,0,1.0,0,0,0,0.0,0,0,0,0,0,0,0,0,0,1,train
IONS,2024-12-12,Olezarsen,NCT05552326,0,2,0.0,0.2037,12,0.2773,0.0,0.0,1,0,1.0,0,0,0,0.0,0,0,0,1,0,0,0,0,0,0,train
NVS,2024-12-19,Dabrafenib,NCT04452877,0,8,0.0,0.0354,142,0.2773,0.0,0.0,0,0,1.0,1,1,0,1.0,0,0,0,0,0,0,0,0,1,0,train
REGN,2024-12-19,REGN7508,NCT06454630,0,1,0.0,0.1041,28,0.2773,0.0,0.0,0,0,1.0,0,1,0,0.0,0,1,0,0,0,0,0,0,0,0,train
GALT,2024-12-27,belapectin,NCT02462967,0,1,0.0,0.0599,1,0.2773,0.0,0.0,1,0,1.0,0,0,0,0.0,0,0,0,0,1,0,0,0,0,0,train
GALT,2024-12-20,belapectin,NCT02462967,1,2,0.0,0.0599,2,0.2773,0.0,0.0,1,0,1.0,0,0,0,0.0,0,0,0,0,1,0,0,0,0,0,train
NVS,2024-12-30,OAV101,NCT05089656,0,1,0.0,0.0354,143,0.2773,0.0,0.0,1,0,1.0,0,0,0,0.0,0,0,0,0,0,0,0,1,0,0,train
AXSM,2024-12-30,AXS-05,NCT05557409,0,5,0.0,0.0385,13,0.2773,0.0,0.0,1,1,1.0,0,0,0,0.0,1,0,0,0,0,0,0,0,0,0,train
NMRA,2025-01-02,navacaprant,NCT06058039,1,1,0.0,0.2892,1,0.2773,0.0,0.0,1,1,0.0,0,0,0,0.0,1,0,0,0,0,0,0,0,0,0,train
VIR,2025-01-08,VIR-5818 and VIR-5500,NCT05356741,1,1,0.0,0.6001,6,0.2773,0.0,0.0,0,0,0.0,1,1,0,0.0,0,0,0,0,0,0,0,0,1,0,train
APGE,2025-01-09,APG777,NCT06395948,1,1,0.0,0.1139,1,0.2773,0.0,1.0,1,0,0.0,0,0,0,0.0,0,0,0,0,0,1,0,0,0,0,train
SRPT,2025-01-09,SRP-4045,NCT02500381,0,1,0.0,0.535,4,0.2773,0.0,0.0,1,1,1.0,0,1,0,0.0,1,0,0,0,0,0,0,0,0,0,train
SANA,2025-01-10,UP421,NCT06239636,0,2,0.0,0.1365,2,0.2773,0.0,0.0,0,0,0.0,0,0,0,1.0,0,0,0,1,0,0,0,0,0,0,train
SHC,2025-01-15,LP-10,NCT06233591,0,1,0.0,0.0746,1,0.2773,0.0,1.0,0,0,0.0,0,0,0,1.0,0,0,1,0,0,0,0,0,0,0,train
RAPP,2025-01-16,RAP-219,NCT06377930,0,1,0.0,0.3708,1,0.2773,0.0,0.0,0,1,1.0,0,1,0,1.0,1,0,0,0,0,0,0,0,0,0,train
PVLA,2025-01-27,QTORIN 3.9% rapamycin anhydrous gel,NCT05180708,0,1,0.0,0.0398,5,0.2773,0.0,0.0,1,0,1.0,0,0,0,0.0,0,0,1,0,0,0,0,0,0,0,train
SABS,2025-01-28,SAB-142,NCT07187531,1,1,0.0,0.5681,4,0.2773,0.0,0.0,1,0,0.0,0,0,0,0.0,0,0,0,1,0,0,0,0,0,0,train
IKT,2025-01-30,risvodetinib,NCT05424276,1,1,0.0,0.3109,2,0.2773,0.0,0.0,0,1,1.0,0,0,0,0.0,1,0,0,0,0,0,0,0,0,0,train
IRWD,2025-01-29,apraglutide,NCT04627025,0,2,0.0,0.1918,4,0.2773,0.0,0.0,1,0,1.0,0,1,0,0.0,0,0,0,0,1,0,0,0,0,0,train
ATHE,2025-01-30,ATH434,NCT05864365,1,1,0.0,0.6522,1,0.2773,0.0,0.0,1,1,1.0,0,1,0,1.0,1,0,0,0,0,0,0,0,0,0,train
RHHBY,2025-01-30,Lomvastomig,NCT04785820,0,1,0.0,0.0404,116,0.2773,0.0,0.0,1,0,1.0,1,0,0,0.0,0,0,0,0,0,0,0,0,1,0,train
NRC,2025-02-01,trifluridine and tipiracil,NCT04457297,0,1,0.0,0.0135,281,0.2773,0.0,0.0,1,0,1.0,1,0,0,0.0,0,0,0,0,0,0,0,0,1,0,train
GHRS,2025-02-03,GH001,NCT05800860,1,1,0.0,0.3132,1,0.2773,0.0,0.0,1,1,1.0,0,1,0,0.0,1,0,0,0,0,0,0,0,0,0,train
CPIX,2025-02-04,ifetroban,NCT02682511,1,1,0.0,0.2065,2,0.2773,0.0,1.0,1,0,0.0,0,0,0,1.0,0,0,0,0,0,1,0,0,0,0,train
CPIX,2025-02-05,ifetroban,NCT02682511,0,2,0.0,0.2065,3,0.2773,0.0,1.0,1,0,0.0,0,0,0,1.0,0,0,0,0,0,1,0,0,0,0,train
ANVS,2025-02-03,buntanetap,NCT06709014,1,4,0.0,0.2155,6,0.2773,0.0,0.0,1,1,0.0,0,0,0,0.0,1,0,0,0,0,0,0,0,0,0,train
PLRX,2025-02-07,bexotegrast,NCT06097260,1,3,0.0,3.0263,6,0.2773,0.0,0.0,1,0,0.0,0,0,0,0.0,0,0,0,0,0,0,0,0,0,1,train
PLRX,2025-02-07,bexotegrast,NCT06097260,1,2,0.0,3.0263,5,0.2773,0.0,0.0,1,0,0.0,0,0,0,0.0,0,0,0,0,0,0,0,0,0,1,train
PFE,2025-02-10,RSVpreF vaccine,NCT06325657,0,1,0.0,0.0953,105,0.2773,0.0,0.0,1,0,1.0,0,0,0,0.0,0,0,0,0,0,0,0,0,0,1,train
AZN,2025-02-10,Intervention: AS MDI,NCT06644924,0,1,0.0,0.0177,78,0.2773,0.0,0.0,1,0,1.0,0,1,0,0.0,0,0,0,0,0,1,0,0,0,0,train
SLDB,2025-02-11,SGT-003,NCT06138639,0,1,0.0,0.488,1,0.2773,0.0,0.0,0,1,0.0,0,1,0,0.0,1,0,0,0,0,0,0,0,0,0,train
RHHBY,2025-02-11,Risdiplam,NCT03032172,0,3,0.0,0.0404,117,0.2773,0.0,0.0,0,1,1.0,0,1,0,0.0,1,0,0,0,0,0,0,0,0,0,train
ANAB,2025-02-12,rosnilimab,NCT06041269,1,1,0.0,0.1677,3,0.2773,0.0,1.0,1,0,0.0,0,0,0,0.0,0,0,0,0,0,1,0,0,0,0,train
BMY,2025-02-13,Relatlimab,NCT03459222,0,1,0.0,0.084,104,0.2773,0.0,0.0,0,0,1.0,1,0,0,0.0,0,0,0,0,0,0,0,0,1,0,train
EQ,2025-02-13,itolizumab,NCT04475588,0,1,0.0,0.2987,5,0.2773,0.0,0.0,0,0,1.0,0,1,0,1.0,0,0,0,0,0,0,0,0,0,1,train
SEPN,2025-02-18,SEP-786,,1,1,0.0,0.2014,1,0.2773,0.0,0.0,0,0,0.0,0,0,0,0.0,0,0,0,1,0,0,0,0,0,0,train
PFE,2025-02-18,encorafenib,NCT03915951,0,1,0.0,0.0953,106,0.2773,0.0,0.0,0,0,1.0,0,1,0,0.0,0,0,0,0,0,0,0,0,0,1,train
IONS,2025-02-20,Donidalorsen,NCT04307381,0,2,0.0,0.2037,13,0.2773,0.0,0.0,0,0,1.0,0,1,0,1.0,0,0,0,0,0,1,0,0,0,0,train
GILD,2025-02-25,Vesatolimod,NCT05281510,0,1,0.0,0.052,40,0.2773,0.0,0.0,0,0,1.0,0,0,0,1.0,0,0,0,0,0,0,1,0,0,0,train
AZN,2025-03-01,Tezepelumab,NCT04039113,0,5,0.0,0.0177,79,0.2773,0.0,0.0,1,0,1.0,0,0,0,0.0,0,0,0,0,0,0,0,0,0,1,train
TNYA,2025-03-01,TN-201,NCT05836259,0,1,0.0,0.463,1,0.2773,0.0,0.0,0,0,0.0,0,1,0,1.0,0,1,0,0,0,0,0,0,0,0,train
BMY,2025-03-01,BMS-986165,NCT03920267,0,7,0.0,0.084,105,0.2773,0.0,0.0,0,0,1.0,0,0,0,0.0,0,0,0,0,0,1,0,0,0,0,train
LXRX,2025-03-03,pilavapadin (LX9211),NCT06203002,1,1,0.0,0.1888,3,0.2773,0.0,0.0,1,1,1.0,0,0,0,0.0,1,0,0,0,0,0,0,0,0,0,train
TERN,2025-03-04,TERN-601,NCT06854952,0,1,0.0,0.0645,3,0.2773,0.0,0.0,0,0,1.0,0,0,0,0.0,0,0,0,1,0,0,0,0,0,0,train
AMGN,2025-03-07,Rocatinlimab,NCT05704738,0,2,0.0,0.0436,39,0.2773,0.0,0.0,1,0,1.0,0,0,0,0.0,0,0,0,0,0,1,0,0,0,0,train
TRVI,2025-03-10,NAL ER,NCT05962151,1,2,0.0,0.1275,5,0.2773,0.0,0.0,1,0,1.0,0,0,0,0.0,0,0,0,0,0,0,0,0,0,1,train
MLYS,2025-03-10,lorundrostat Dose 1,NCT05769608,1,1,0.0,0.2563,2,0.2773,0.0,0.0,1,0,1.0,0,0,0,0.0,0,1,0,0,0,0,0,0,0,0,train
MLYS,2025-03-10,lorundrostat,NCT06150924,1,1,0.0,0.6395,1,0.2773,0.0,0.0,1,0,1.0,0,0,0,0.0,0,1,0,0,0,0,0,0,0,0,train
PTGX,2025-03-10,icotrokinra,NCT06807424,1,1,0.0,0.1131,5,0.2773,0.0,0.0,1,0,0.0,0,0,0,0.0,0,0,0,0,0,0,0,1,0,0,train
ARVN,2025-03-11,vepdegestrant,NCT05654623,1,2,0.0,0.7035,2,0.2773,0.0,1.0,0,0,0.0,1,1,0,0.0,0,0,0,0,0,0,0,0,1,0,val
STRO,2025-03-13,Luvelta,NCT05870748,0,1,0.0,0.6328,1,0.2773,0.0,0.0,0,0,0.0,1,1,0,0.0,0,0,0,0,0,0,0,0,1,0,val
MGNX,2025-03-20,vobramitamab duocarmazine,NCT03729596,0,1,0.0,1.3534,3,0.2773,0.0,0.0,0,0,0.0,1,1,0,0.0,0,0,0,0,0,0,0,0,1,0,val
AZN,2025-03-20,BGF MDI 320/28.8/9.6 μg,NCT04609904,0,1,0.0,0.0177,80,0.2773,0.0,0.0,1,0,1.0,0,0,0,0.0,0,0,0,0,0,0,0,0,0,1,val
AXSM,2025-03-25,Solriamfetol 150 mg,NCT05972044,0,1,0.0,0.0385,14,0.2773,0.0,0.0,1,1,1.0,0,0,0,0.0,1,0,0,0,0,0,0,0,0,0,val
SAVA,2025-03-25,simufilam,NCT06390410,1,2,0.0,1.0507,3,0.2773,0.0,0.0,0,0,1.0,0,0,0,1.0,0,0,0,0,1,0,0,0,0,0,val
EQ,2025-03-27,Itolizumab,NCT05263999,1,1,0.0,0.2987,6,0.2773,0.0,0.0,1,0,0.0,0,0,0,0.0,0,0,0,0,0,1,0,0,0,0,val
CORT,2025-03-31,relacorilant,NCT05257408,1,1,0.0,0.098,5,0.2773,0.0,1.0,0,0,0.0,1,0,0,0.0,0,0,0,0,0,0,0,0,1,0,val
PCVX,2025-03-31,VAX-24,NCT05844423,1,1,0.0,0.2203,3,0.2773,0.0,0.0,0,0,1.0,0,0,0,0.0,0,0,0,0,0,0,0,0,0,1,val
AZN,2025-03-31,AZD0780,NCT06692764,0,1,0.0,0.0177,81,0.2773,0.0,0.0,0,0,1.0,0,0,0,0.0,0,1,0,0,0,0,0,0,0,0,val
MRK,2025-04-03,Sotatercept,NCT04811092,0,4,0.0,0.0476,132,0.2773,0.0,0.0,1,0,1.0,0,0,0,0.0,0,1,0,0,0,0,0,0,0,0,val
ALLO,2025-04-07,ALLO-329,NCT07085104,0,1,0.0,0.4037,1,0.2773,0.0,0.0,0,0,0.0,0,0,0,0.0,0,0,0,0,0,1,0,0,0,0,val
NTHI,2025-04-02,NEO212,NCT06047379,0,1,0.0,0.0061,1,0.2773,0.0,0.0,0,0,0.0,1,1,0,0.0,0,0,0,0,0,0,0,0,1,0,val
SLS,2025-04-08,SLS009,NCT04588922,0,2,0.0,0.0528,3,0.2773,0.0,0.0,0,0,0.0,1,1,0,0.0,0,0,0,0,0,0,0,0,1,0,val
ABBV,2025-04-08,Adalimumab,NCT02632175,0,3,0.0,0.0128,97,0.2773,0.0,0.0,0,0,1.0,0,1,0,0.0,0,0,0,0,1,0,0,0,0,0,val
MRNA,2025-04-11,mRNA-1608,NCT06033261,0,1,0.0,0.277,9,0.2773,0.0,0.0,0,0,1.0,0,0,0,0.0,0,0,0,0,0,0,1,0,0,0,val
BMY,2025-03-06,Mavacamten,NCT05582395,0,2,0.0,0.084,106,0.2773,0.0,0.0,1,0,1.0,0,0,0,0.0,0,1,0,0,0,0,0,0,0,0,val
XBIT,2025-04-16,Natrunix,NCT05363891,0,1,0.0,2.1393,1,0.2773,0.0,0.0,1,0,1.0,0,0,0,0.0,0,0,0,0,0,1,0,0,0,0,val
LLY,2025-04-17,Orforglipron,NCT05971940,0,1,0.0,0.0073,100,0.2773,0.0,0.0,1,0,1.0,0,0,0,0.0,0,0,0,1,0,0,0,0,0,0,val
RLMD,2025-04-28,NDV-01,NCT07313891,1,1,0.0,0.0416,5,0.2773,0.0,0.0,0,0,0.0,1,0,0,0.0,0,0,0,0,0,0,0,0,1,0,val
RLMD,2025-04-23,NDV-01,NCT07313891,1,2,0.0,0.0416,6,0.2773,0.0,0.0,0,0,0.0,1,0,0,0.0,0,0,0,0,0,0,0,0,1,0,val
AZN,2025-05-02,BGF MDI 320/28.8/9.6 μg,NCT04609878,0,2,0.0,0.0177,82,0.2773,0.0,0.0,1,0,1.0,0,0,0,0.0,0,0,0,0,0,0,0,0,0,1,val
CTMX,2025-05-12,CX-2051,NCT06265688,1,1,0.0,0.1593,2,0.2773,0.0,0.0,0,0,0.0,1,0,0,0.0,0,0,0,0,0,0,0,0,1,0,val
CYTK,2025-05-13,"Aficamten (CK-3773274) (5 mg, 10 mg, 15 mg and 20 mg)",NCT05767346,0,1,0.0,0.116,7,0.2773,0.0,0.0,1,0,1.0,0,0,0,0.0,0,1,0,0,0,0,0,0,0,0,val
CYTK,2025-05-13,aficamten,NCT04848506,0,2,0.0,0.2741,6,0.2773,0.0,0.0,0,0,0.0,0,1,0,0.0,0,1,0,0,0,0,0,0,0,0,val
SCLX,2025-05-15,SP-102 (SEMDEXA),NCT03372161,0,1,0.0,0.0156,1,0.2773,0.0,0.0,0,1,1.0,0,0,0,0.0,1,0,0,0,0,0,0,0,0,0,val
CABA,2025-05-15,rese-cel (resecabtagene autoleucel),NCT06154252,1,1,0.0,0.5003,2,0.2773,0.0,0.0,0,0,0.0,0,1,0,0.0,0,0,0,0,0,1,0,0,0,0,val
ARMP,2025-05-19,AP-SA02,NCT05184764,1,2,0.0,0.0378,4,0.2773,0.0,0.0,1,0,1.0,0,0,0,0.0,0,0,0,0,0,0,1,0,0,0,val
TIL,2025-05-22,Amtagvi (lifileucel),NCT06743126,1,1,0.0,1.3195,2,0.2773,0.0,0.0,0,0,0.0,1,1,0,0.0,0,0,0,0,0,0,0,0,1,0,val
IFRX,2025-05-28,vilobelimab,NCT06703073,1,3,0.0,0.7127,6,0.2773,0.0,0.0,0,0,0.0,0,0,0,0.0,0,0,0,0,0,0,0,0,0,1,val
ANL,2025-05-30,Buparlisib & Paclitaxel,NCT04338399,0,1,0.0,0.1521,1,0.2773,0.0,0.0,0,0,1.0,1,0,0,0.0,0,0,0,0,0,0,0,0,1,0,val
AMGN,2025-05-30,Romiplostim,NCT03362177,0,1,0.0,0.0436,40,0.2773,0.0,0.0,1,0,1.0,1,0,0,0.0,0,0,0,0,0,0,0,0,1,0,val
LLY,2025-05-30,LY3841136,NCT06230523,0,1,0.0,0.0073,101,0.2773,0.0,0.0,1,0,1.0,0,0,0,0.0,0,0,0,1,0,0,0,0,0,0,val
SNY,2025-05-30,Itepekimab SAR440340,NCT04751487,0,1,0.0,0.0653,69,0.2773,0.0,0.0,1,0,1.0,0,0,0,0.0,0,0,0,0,0,0,0,0,0,1,val
IVVD,2025-06-01,VYD2311,NCT06523153,0,1,0.0,0.1783,2,0.2773,0.0,1.0,1,0,0.0,0,0,0,1.0,0,0,0,0,0,0,1,0,0,0,val
NERV,2025-06-02,NVG-291,NCT05965700,0,1,0.0,0.0431,2,0.2773,0.0,0.0,1,1,0.0,0,0,0,1.0,1,0,0,0,0,0,0,0,0,0,val
PYPD,2025-06-09,D-PLEX,NCT04411199,0,2,0.0,0.1667,2,0.2773,0.0,0.0,1,0,1.0,0,0,0,0.0,0,0,0,0,0,0,1,0,0,0,val
LLY,2025-06-12,Tirzepatide,NCT04255433,0,16,0.0,0.0073,102,0.2773,0.0,0.0,0,0,1.0,0,0,0,0.0,0,0,0,1,0,0,0,0,0,0,val
NRC,2025-06-18,MIB-626,NCT05038488,0,2,0.0,0.0135,282,0.2773,0.0,0.0,0,0,1.0,0,0,0,1.0,0,0,0,0,0,0,1,0,0,0,val
LLY,2025-06-21,Orforglipron,NCT05931380,0,2,0.0,0.0073,103,0.2773,0.0,0.0,1,0,1.0,0,0,0,0.0,0,0,0,1,0,0,0,0,0,0,val
LLY,2025-06-22,Insulin Efsitora Alfa,NCT05662332,0,2,0.0,0.0073,104,0.2773,0.0,0.0,0,0,1.0,0,1,0,0.0,0,0,0,1,0,0,0,0,0,0,val
CMPS,2025-06-23,COMP360,NCT06258031,1,1,0.0,0.3333,4,0.2773,0.0,0.0,0,1,1.0,0,0,0,1.0,1,0,0,0,0,0,0,0,0,0,val
SRPT,2025-06-24,Elevidys,NCT05881408,0,2,0.0,0.3868,5,0.2773,0.0,1.0,1,1,0.0,0,0,0,0.0,1,0,0,0,0,0,0,0,0,0,val
ALT,2025-06-26,Pemvidutide,NCT06987513,1,1,0.0,0.3715,2,0.2773,0.0,1.0,1,0,0.0,0,0,0,0.0,0,0,0,1,0,0,0,0,0,0,val
PLRX,2025-06-27,bexotegrast,NCT06097260,0,4,0.0,3.0263,7,0.2773,0.0,0.0,1,0,0.0,0,0,0,0.0,0,0,0,0,0,0,0,0,0,1,val
TNGX,2025-06-27,TNG462,NCT06922591,0,1,0.0,0.2788,1,0.2773,0.0,0.0,0,0,0.0,1,0,0,0.0,0,0,0,0,0,0,0,0,1,0,val
MRNA,2025-06-30,mRNA-1010,NCT06602024,0,4,0.0,0.277,10,0.2773,0.0,0.0,0,0,1.0,0,0,0,0.0,0,0,0,0,0,0,0,0,0,1,val
CTNM,2025-07-01,PIPE-791,NCT06810245,0,1,0.0,0.3255,1,0.2773,0.0,1.0,1,0,0.0,0,0,0,1.0,0,0,0,0,0,0,0,1,0,0,val
BIIB,2025-07-01,dimethyl fumarate,NCT02283853,0,1,0.0,0.1355,17,0.2773,0.0,0.0,0,1,1.0,0,1,0,0.0,1,0,0,0,0,0,0,0,0,0,val
UPB,2025-07-07,Verekitug (UPB-101),NCT06164704,0,1,0.0,0.8973,1,0.2773,0.0,0.0,1,0,1.0,0,0,0,0.0,0,0,0,0,0,0,1,0,0,0,val
PROK,2025-07-08,Renal Autologous Cell Therapy (REACT),NCT05018416,1,2,0.0,0.4032,4,0.2773,0.0,0.0,0,0,1.0,0,1,0,0.0,0,0,0,1,0,0,0,0,0,0,val
PROK,2025-07-08,rilparencel,NCT02836574,1,2,0.0,0.4032,3,0.2773,0.0,0.0,0,0,1.0,0,1,0,0.0,0,0,0,1,0,0,0,0,0,0,val
RYTM,2025-07-09,bivamelagon,NCT07156578,1,1,0.0,0.1796,9,0.2773,0.0,0.0,0,0,0.0,0,1,0,1.0,0,0,0,1,0,0,0,0,0,0,val
MREO,2025-07-10,setrusumab,NCT05125809,1,1,0.0,0.8254,2,0.2773,0.0,1.0,1,0,0.0,0,0,0,0.0,0,0,0,0,0,0,0,1,0,0,val
KZIA,2025-07-09,Paxalisib,NCT05009992,1,1,0.0,0.0449,4,0.2773,0.0,0.0,0,0,0.0,1,0,0,0.0,0,0,0,0,0,0,0,0,1,0,val
INKT,2025-07-15,agenT-797,NCT05108623,1,1,0.0,0.2782,2,0.2773,0.0,0.0,0,0,1.0,1,1,0,1.0,0,0,0,0,0,0,0,0,1,0,val
CGTX,2025-07-16,CT1812 (zervimesine),NCT03507790,0,1,0.0,0.4085,4,0.2773,0.0,0.0,1,1,1.0,0,0,0,0.0,1,0,0,0,0,0,0,0,0,0,val
PMN,2025-07-21,PMN310,NCT06750432,1,1,0.0,0.3043,2,0.2773,0.0,1.0,1,1,0.0,0,0,0,0.0,1,0,0,0,0,0,0,0,0,0,val
ABVX,2025-07-22,ABX464,NCT05507216,0,1,0.0,0.0615,1,0.2773,0.0,0.0,1,0,1.0,0,0,0,0.0,0,0,0,0,1,0,0,0,0,0,val
IXHL,2025-07-30,IHL-42X,NCT06146101,0,3,0.0,1.3617,3,0.2773,0.0,1.0,1,1,0.0,0,0,0,0.0,1,0,0,0,0,0,0,0,0,0,val
IXHL,2025-07-30,IHL-42X,NCT06146101,0,4,0.0,1.3617,4,0.2773,0.0,1.0,1,1,0.0,0,0,0,0.0,1,0,0,0,0,0,0,0,0,0,val
IXHL,2025-07-25,IHL-42X,NCT06146101,1,5,0.0,1.3617,5,0.2773,0.0,1.0,1,1,0.0,0,0,0,0.0,1,0,0,0,0,0,0,0,0,0,val
IXHL,2025-07-30,IHL-42X,NCT06146101,0,6,0.0,1.3617,6,0.2773,0.0,1.0,1,1,0.0,0,0,0,0.0,1,0,0,0,0,0,0,0,0,0,val
CRNX,2025-08-01,atumelnant (CRN04894),NCT05907291,0,1,0.0,0.244,4,0.2773,0.0,0.0,0,0,1.0,0,1,0,1.0,0,0,0,1,0,0,0,0,0,0,val
SPRB,2025-08-01,TA-ERT,NCT02317640,0,1,0.0,0.182,1,0.2773,0.0,0.0,0,1,0.0,0,0,0,0.0,1,0,0,0,0,0,0,0,0,0,val
PALI,2025-08-07,PALI-2108,NCT07428096,0,3,0.0,0.0197,3,0.2773,0.0,1.0,1,0,0.0,0,1,0,1.0,0,0,0,0,1,0,0,0,0,0,val
PALI,2025-08-07,PALI-2108,NCT07428096,0,1,0.0,0.0197,1,0.2773,0.0,1.0,1,0,0.0,0,1,0,1.0,0,0,0,0,1,0,0,0,0,0,val
PALI,2025-08-07,PALI-2108,NCT07428096,0,4,0.0,0.0197,4,0.2773,0.0,1.0,1,0,0.0,0,1,0,1.0,0,0,0,0,1,0,0,0,0,0,val
PALI,2025-08-07,PALI-2108,NCT07428096,0,2,0.0,0.0197,2,0.2773,0.0,1.0,1,0,0.0,0,1,0,1.0,0,0,0,0,1,0,0,0,0,0,val
LLY,2025-08-08,Orforglipron,NCT06192108,0,3,0.0,0.0073,105,0.2773,0.0,0.0,0,0,1.0,0,1,0,0.0,0,0,0,1,0,0,0,0,0,0,val
IXHL,2025-08-08,IHL-42X,NCT06146101,0,9,0.0,1.3617,9,0.2773,0.0,1.0,1,1,0.0,0,0,0,0.0,1,0,0,0,0,0,0,0,0,0,val
IXHL,2025-08-08,IHL-42X,NCT06146101,0,7,0.0,1.3617,7,0.2773,0.0,1.0,1,1,0.0,0,0,0,0.0,1,0,0,0,0,0,0,0,0,0,val
IXHL,2025-08-08,IHL-42X,NCT06146101,0,8,0.0,1.3617,8,0.2773,0.0,1.0,1,1,0.0,0,0,0,0.0,1,0,0,0,0,0,0,0,0,0,val
ARCT,2025-08-11,ARCT-2138 and ARCT-2304,NCT06125691,0,1,0.0,0.7716,3,0.2773,0.0,0.0,0,0,1.0,0,0,0,0.0,0,0,0,0,0,0,0,0,0,1,val
TNXP,2025-08-12,TNX-102 SL (Tonmya),NCT03841773,1,1,0.0,1.0644,11,0.2773,0.0,0.0,1,1,0.0,0,0,0,0.0,1,0,0,0,0,0,0,0,0,0,val
GALT,2025-08-14,belapectin,NCT02462967,0,3,0.0,0.0599,3,0.2773,0.0,0.0,1,0,1.0,0,0,0,0.0,0,0,0,0,1,0,0,0,0,0,val
MRK,2025-08-14,Bomedemstat,NCT05223920,0,2,0.0,0.0476,134,0.2773,0.0,0.0,0,0,1.0,0,1,0,0.0,0,0,0,0,0,0,0,0,0,1,val
ENLV,2025-08-18,Allocetra,NCT06233474,1,2,0.0,0.0667,3,0.2773,0.0,1.0,1,0,0.0,0,0,0,0.0,0,0,0,0,0,0,0,1,0,0,val
ABBV,2025-08-08,Bimatoprost (SR),NCT03850782,0,1,0.0,0.0128,99,0.2773,0.0,0.0,0,0,1.0,0,0,0,0.0,0,1,0,0,0,0,0,0,0,0,val
VKTX,2025-08-19,VK2735,NCT06068946,1,3,0.0,0.2674,4,0.2773,0.0,0.0,1,0,1.0,0,0,0,0.0,0,0,0,1,0,0,0,0,0,0,val
MRK,2025-08-31,Vericiguat,NCT05093933,0,1,0.0,0.0476,135,0.2773,0.0,0.0,0,0,1.0,0,0,0,0.0,0,1,0,0,0,0,0,0,0,0,val
PFE,2025-09-01,(Part C) MET097,NCT06857617,0,1,0.0,0.0953,109,0.2773,0.0,0.0,1,0,1.0,0,0,0,0.0,0,0,0,1,0,0,0,0,0,0,val
UTHR,2025-09-02,Tyvaso,NCT00643604,1,1,0.0,0.256,1,0.2773,0.0,0.0,0,0,0.0,0,0,0,1.0,0,1,0,0,0,0,0,0,0,0,val
CCCC,2025-09-03,cemsidomide,NCT04756726,0,1,0.0,0.1746,2,0.2773,0.0,1.0,0,0,0.0,1,1,0,0.0,0,0,0,0,0,0,0,0,1,0,val
SNY,2025-09-04,Amlitelimab,NCT06224348,0,1,0.0,0.0653,70,0.2773,0.0,0.0,1,0,1.0,0,0,0,0.0,0,0,0,0,0,1,0,0,0,0,val
REGN,2025-09-08,REGN1908,NCT06602726,0,1,0.0,0.1041,29,0.2773,0.0,0.0,0,0,1.0,0,0,0,0.0,0,0,0,0,0,1,0,0,0,0,val
CCCC,2025-09-15,cemsidomide,NCT04756726,1,2,0.0,0.1746,3,0.2773,0.0,1.0,0,0,0.0,1,1,0,0.0,0,0,0,0,0,0,0,0,1,0,val
PALI,2025-09-17,PALI-2108,NCT07428096,0,6,0.0,0.0197,6,0.2773,0.0,1.0,1,0,0.0,0,1,0,1.0,0,0,0,0,1,0,0,0,0,0,val
PALI,2025-09-17,PALI-2108,NCT07428096,0,5,0.0,0.0197,5,0.2773,0.0,1.0,1,0,0.0,0,1,0,1.0,0,0,0,0,1,0,0,0,0,0,val
LLY,2025-09-19,Tirzepatide Dose 1,NCT05260021,0,1,0.0,0.0073,106,0.2773,0.0,0.0,1,0,1.0,0,1,0,0.0,0,0,0,1,0,0,0,0,0,0,test
IONS,2025-09-22,zilganersen,NCT04849741,0,1,0.0,0.1718,14,0.2773,0.0,1.0,1,1,0.0,0,0,0,0.0,1,0,0,0,0,0,0,0,0,0,test
QURE,2025-09-24,AMT-130,NCT04120493,1,3,0.0,2.0568,3,0.2773,0.0,1.0,1,1,0.0,0,1,0,1.0,1,0,0,0,0,0,0,0,0,0,test
QURE,2025-09-24,AMT-130,NCT04120493,1,4,0.0,2.0568,4,0.2773,0.0,1.0,1,1,0.0,0,1,0,1.0,1,0,0,0,0,0,0,0,0,0,test
PEPG,2025-09-25,PGN-EDODM1,NCT06204809,1,1,0.0,0.3828,2,0.2773,0.0,0.0,0,1,1.0,0,0,0,1.0,1,0,0,0,0,0,0,0,0,0,test
MLTX,2025-09-29,sonelokimab,NCT06641076,1,2,0.0,0.3176,3,0.2773,0.0,1.0,1,0,0.0,0,0,0,0.0,0,0,0,0,0,0,0,1,0,0,test
TNYA,2025-10-01,TN-401,NCT06228924,0,1,0.0,0.463,2,0.2773,0.0,0.0,0,0,0.0,0,1,0,1.0,0,1,0,0,0,0,0,0,0,0,test
ARTV,2025-10-01,AlloNK,NCT06265220,0,1,0.0,0.8607,1,0.2773,0.0,1.0,0,0,0.0,0,0,0,0.0,0,0,0,0,0,1,0,0,0,0,test
ABBV,2025-10-06,BOTOX,NCT06399718,0,1,0.0,0.0128,100,0.2773,0.0,0.0,1,0,1.0,0,0,0,0.0,0,0,0,0,0,0,0,1,0,0,test
CABA,2025-10-31,rese-cel (formerly CABA-201),NCT06154252,1,1,0.0,0.5003,3,0.2773,0.0,0.0,0,0,0.0,0,1,0,0.0,0,0,0,0,0,1,0,0,0,0,test
MRK,2025-10-09,Pembrolizumab,NCT04700072,0,37,0.0,0.0476,136,0.2773,0.0,0.0,0,0,1.0,1,1,0,0.0,0,0,0,0,0,0,0,0,1,0,test
LLY,2025-10-15,Orforglipron,NCT06109311,0,4,0.0,0.0073,107,0.2773,0.0,0.0,1,0,1.0,0,0,0,0.0,0,0,0,1,0,0,0,0,0,0,test
PRAX,2025-10-16,ulixacaltamide,NCT06087276,1,1,0.0,0.0642,6,0.2773,0.0,0.0,1,1,0.0,0,0,0,0.0,1,0,0,0,0,0,0,0,0,0,test
MRK,2025-10-17,Pembrolizumab,NCT03516981,0,38,0.0,0.0476,137,0.2773,0.0,0.0,0,1,1.0,0,0,0,0.0,1,0,0,0,0,0,0,0,0,0,test
SNSE,2025-10-17,Solnerstotug (SNS-101),NCT05864144,1,1,0.0,2.1831,3,0.2773,0.0,1.0,0,0,0.0,0,1,0,0.0,0,0,0,0,0,0,0,0,0,1,test
ACHV,2025-10-17,cytisinicline,NCT05766046,1,1,0.0,0.1982,2,0.2773,0.0,0.0,0,0,0.0,1,0,0,0.0,0,0,0,0,0,0,0,0,1,0,test
CELC,2025-10-18,gedatolisib,NCT03742349,1,1,0.0,0.5,1,0.2773,0.0,0.0,0,0,0.0,1,1,0,0.0,0,0,0,0,0,0,0,0,1,0,test
SMMT,2025-10-19,ivonescimab,NCT07229417,0,2,0.0,0.0639,2,0.2773,0.0,0.0,0,0,0.0,1,0,0,1.0,0,0,0,0,0,0,0,0,1,0,test
PALI,2025-10-20,PALI-2108,NCT07428096,0,7,0.0,0.0197,7,0.2773,0.0,1.0,1,0,0.0,0,1,0,1.0,0,0,0,0,1,0,0,0,0,0,test
SION,2025-10-21,SION-719,NCT07108153,1,1,0.0,0.3196,1,0.2773,0.0,0.0,1,0,0.0,0,0,0,1.0,0,0,0,0,0,0,0,0,0,1,test
QTTB,2025-10-21,bempikibart,NCT06018428,0,2,0.0,0.8734,2,0.2773,0.0,1.0,1,0,0.0,0,1,0,0.0,0,0,1,0,0,0,0,0,0,0,test
SPRO,2025-10-21,TBP-PI-HBr,NCT06059846,0,1,0.0,0.3974,3,0.2773,0.0,0.0,1,0,1.0,0,0,0,0.0,0,0,0,0,0,0,1,0,0,0,test
ALEC,2025-10-22,latozinemab (AL001),NCT06111014,1,1,0.0,1.0977,3,0.2773,0.0,0.0,0,1,0.0,0,0,0,1.0,1,0,0,0,0,0,0,0,0,0,test
SNY,2025-10-22,SAR447537,NCT05856331,0,1,0.0,0.0653,71,0.2773,0.0,0.0,1,0,1.0,0,0,0,0.0,0,0,0,0,0,0,0,0,0,1,test
ARCT,2025-10-22,ARCT-032,NCT06747858,1,1,0.0,0.7716,4,0.2773,0.0,0.0,0,0,0.0,0,1,0,1.0,0,0,0,0,0,0,0,0,0,1,test
ARMP,2025-10-22,AP-SA02,NCT05184764,1,3,0.0,0.0378,5,0.2773,0.0,0.0,1,0,1.0,0,0,0,0.0,0,0,0,0,0,0,1,0,0,0,test
VTYX,2025-10-23,VTX3232,NCT06771115,1,1,0.0,0.1922,2,0.2773,0.0,0.0,1,0,1.0,0,0,0,0.0,0,0,0,1,0,0,0,0,0,0,test
INBX,2025-10-24,ozekibart (INBRX-109),NCT04950075,1,1,0.0,0.142,1,0.2773,0.0,1.0,1,0,0.0,1,0,0,0.0,0,0,0,0,0,0,0,0,1,0,test
AZN,2025-10-24,AZD2693,NCT05809934,0,1,0.0,0.0177,83,0.2773,0.0,0.0,1,0,1.0,0,0,0,0.0,0,0,0,0,1,0,0,0,0,0,test
ZBIO,2025-10-27,obexelimab,NCT06559163,0,1,0.0,0.2057,1,0.2773,0.0,0.0,1,0,0.0,0,0,0,0.0,0,0,0,0,0,1,0,0,0,0,test
SRPT,2025-11-04,Amondys 45 (casimersen) and Vyondys 53 (golodirsen),NCT04179409,1,1,0.0,0.3868,6,0.2773,0.0,0.0,0,1,1.0,0,1,0,1.0,1,0,0,0,0,0,0,0,0,0,test
INKT,2025-11-07,agenT-797,NCT05108623,0,2,0.0,0.2782,3,0.2773,0.0,0.0,0,0,1.0,1,1,0,1.0,0,0,0,0,0,0,0,0,1,0,test
SNY,2025-11-07,Dupilumab SAR231893,NCT04684524,0,6,0.0,0.0653,72,0.2773,0.0,0.0,1,0,1.0,0,0,0,0.0,0,0,0,0,0,1,0,0,0,0,test
AMGN,2025-11-08,Evolocumab,NCT03872401,0,5,0.0,0.0436,41,0.2773,0.0,0.0,1,0,1.0,0,0,0,0.0,0,1,0,0,0,0,0,0,0,0,test
COGT,2025-11-10,bezuclastinib,NCT05208047,1,2,0.0,0.1429,3,0.2773,0.0,1.0,0,0,0.0,1,1,0,0.0,0,0,0,0,0,0,0,0,1,0,test
ALKS,2025-11-11,ALKS 2680,NCT06555783,0,1,0.0,0.1184,4,0.2773,0.0,0.0,1,1,1.0,0,1,0,0.0,1,0,0,0,0,0,0,0,0,0,test
NVS,2025-11-12,KLU156,NCT05842954,0,1,0.0,0.0354,144,0.2773,0.0,0.0,0,0,1.0,0,1,0,0.0,0,0,0,0,0,0,1,0,0,0,test
KRRO,2025-11-13,KRRO-110,NCT06677307,1,1,0.0,0.81,1,0.2773,0.0,1.0,0,0,0.0,0,0,0,0.0,0,0,0,0,0,0,0,0,0,1,test
ORIC,2025-11-13,ORIC-944,NCT05413421,0,1,0.0,0.4648,1,0.2773,0.0,0.0,0,0,0.0,1,1,0,0.0,0,0,0,0,0,0,0,0,1,0,test
ATHE,2025-11-13,ATH434,NCT05864365,0,2,0.0,0.6522,2,0.2773,0.0,0.0,0,1,1.0,0,1,0,1.0,1,0,0,0,0,0,0,0,0,0,test
AGIO,2025-11-19,mitapivat,NCT05144256,1,1,0.0,0.5216,3,0.2773,0.0,1.0,1,0,0.0,0,1,0,1.0,0,0,0,1,0,0,0,0,0,0,test
MRK,2025-11-20,Sotatercept,NCT06664801,0,5,0.0,0.0476,140,0.2773,0.0,0.0,1,0,1.0,0,0,0,0.0,0,0,0,0,0,0,0,0,0,1,test
LLY,2025-11-21,Orforglipron,NCT06584916,0,5,0.0,0.0073,108,0.2773,0.0,0.0,1,0,1.0,0,0,0,0.0,0,0,0,1,0,0,0,0,0,0,test
CTNM,2025-11-24,PIPE-307 Dose A,NCT06083753,0,1,0.0,0.3255,2,0.2773,0.0,0.0,1,1,1.0,0,0,0,0.0,1,0,0,0,0,0,0,0,0,0,test
JANX,2025-12-02,JANX007,NCT05519449,1,2,0.0,0.2611,3,0.2773,0.0,0.0,0,0,0.0,1,1,0,0.0,0,0,0,0,0,0,0,0,1,0,test
PHVS,2025-12-03,"Deucrictibant, Placebo",NCT06343779,1,1,0.0,0.1786,1,0.2773,0.0,0.0,1,0,1.0,0,0,0,0.0,0,0,0,0,0,1,0,0,0,0,test
STRO,2025-12-03,STRO-004,NCT07227168,0,1,0.0,0.6328,2,0.2773,0.0,0.0,0,0,0.0,1,1,0,0.0,0,0,0,0,0,0,0,0,1,0,test
PRAX,2025-12-04,relutrigine,NCT07010471,0,1,0.0,0.0304,7,0.2773,0.0,0.0,1,1,0.0,0,1,0,0.0,1,0,0,0,0,0,0,0,0,0,test
BMEA,2025-12-05,icovamenib,NCT07254286,0,1,0.0,0.5277,3,0.2773,0.0,0.0,0,0,1.0,0,1,0,0.0,0,0,0,1,0,0,0,0,0,0,test
TERN,2025-12-08,TERN-701,NCT06163430,1,1,0.0,0.3691,4,0.2773,0.0,0.0,0,0,0.0,1,0,0,0.0,0,0,0,0,0,0,0,0,1,0,test
KYMR,2025-12-08,KT-621,NCT06945458,1,1,0.0,0.0768,1,0.2773,0.0,0.0,0,0,1.0,0,1,0,1.0,0,0,0,0,0,1,0,0,0,0,test
WVE,2025-12-08,WVE-007,NCT06842186,1,1,0.0,0.2327,4,0.2773,0.0,0.0,1,0,0.0,0,0,0,0.0,0,0,0,1,0,0,0,0,0,0,test
DYN,2025-12-08,zeleciment rostadirsen,NCT05524883,0,1,0.0,0.4646,1,0.2773,0.0,1.0,1,1,0.0,0,0,0,0.0,1,0,0,0,0,0,0,0,0,0,test
CRBP,2025-12-11,CRB-913,NCT07310901,0,1,0.0,0.6915,5,0.2773,0.0,0.0,1,0,0.0,0,1,0,0.0,0,0,0,1,0,0,0,0,0,0,test
LLY,2025-12-11,Retatrutide,NCT05931367,0,1,0.0,0.0073,109,0.2773,0.0,0.0,1,0,1.0,0,0,0,0.0,0,0,0,1,0,0,0,0,0,0,test
RZLT,2025-12-11,Ersodetug,NCT06881992,1,1,0.0,0.3734,3,0.2773,0.0,0.0,0,0,0.0,0,1,0,1.0,0,0,0,1,0,0,0,0,0,0,test
MLYS,2025-12-12,Lorundrostat,NCT06785454,0,1,0.0,0.2563,3,0.2773,0.0,0.0,1,0,1.0,0,0,0,1.0,0,1,0,0,0,0,0,0,0,0,test
SNY,2025-12-15,Tolebrutinib,NCT04458051,0,2,0.0,0.0653,73,0.2773,0.0,0.0,1,1,1.0,0,0,0,0.0,1,0,0,0,0,0,0,0,0,0,test
DBVT,2025-12-16,VIASKIN Peanut patch,NCT07003919,0,1,0.0,0.0605,4,0.2773,0.0,0.0,1,0,0.0,0,0,0,0.0,0,0,0,0,0,1,0,0,0,0,test
BNTX,2025-12-16,Investigational Influenza Vaccine,NCT06821061,0,1,0.0,0.5252,13,0.2773,0.0,0.0,1,0,1.0,0,0,0,0.0,0,0,0,0,0,0,1,0,0,0,test
CV,2025-12-17,tirzepatide,NCT04255433,0,1,0.0,0.0692,1,0.2773,0.0,0.0,0,0,1.0,0,0,0,0.0,0,0,0,1,0,0,0,0,0,0,test
GANX,2025-12-18,GT-02287,NCT07280299,1,1,0.0,0.0876,1,0.2773,0.0,0.0,1,1,0.0,0,0,0,0.0,1,0,0,0,0,0,0,0,0,0,test
DWTX,2025-12-22,Halneuron,NCT05359133,1,1,0.0,0.1105,4,0.2773,0.0,0.0,1,1,0.0,0,0,0,1.0,1,0,0,0,0,0,0,0,0,0,test
DWTX,2025-12-22,Halneuron,NCT05359133,1,2,0.0,0.1105,5,0.2773,0.0,0.0,1,1,0.0,0,0,0,1.0,1,0,0,0,0,0,0,0,0,0,test
BHVN,2025-12-24,BHV-7000,NCT06419582,0,1,0.0,0.1702,1,0.2773,0.0,0.0,1,1,1.0,0,0,0,0.0,1,0,0,0,0,0,0,0,0,0,test
MREO,2025-12-29,setrusumab (UX143),NCT05125809,1,1,0.0,0.8254,3,0.2773,0.0,1.0,1,0,0.0,0,0,0,0.0,0,0,0,0,0,0,0,1,0,0,test
RARE,2025-12-29,setrusumab (UX143),NCT06636071,1,1,0.0,0.2428,5,0.2773,0.0,1.0,0,0,0.0,0,1,0,1.0,0,0,0,0,0,0,0,1,0,0,test
IMRX,2026-01-01,atebimetinib,NCT05585320,0,2,0.0,0.6305,5,0.2773,0.0,1.0,0,0,0.0,1,1,0,0.0,0,0,0,0,0,0,0,0,1,0,test
NBP,2026-01-06,NBP (NovaBridge Biosciences' givastomig and ragistomig),NCT05976152,0,1,0.0,0.6036,2,0.2773,0.0,0.0,0,1,0.0,0,0,0,0.0,1,0,0,0,0,0,0,0,0,0,test
NBP,2026-01-06,Givastomig,NCT07432295,0,1,0.0,0.6036,1,0.2773,0.0,0.0,0,0,0.0,1,1,0,0.0,0,0,0,0,0,0,0,0,1,0,test
ZNTL,2026-01-06,azenosertib,NCT06369155,1,1,0.0,0.5517,1,0.2773,0.0,0.0,0,0,0.0,1,0,0,1.0,0,0,0,0,0,0,0,0,1,0,test
GLUE,2026-01-07,MRT-8102,NCT07119125,1,1,0.0,0.4678,7,0.2773,0.0,0.0,1,0,0.0,0,0,0,0.0,0,1,0,0,0,0,0,0,0,0,test
ERAS,2026-01-07,ERAS-0015,NCT06983743,1,1,0.0,0.9336,1,0.2773,0.0,0.0,0,0,0.0,1,1,0,0.0,0,0,0,0,0,0,0,0,1,0,test
KRYS,2026-01-08,KB407,NCT05095246,0,1,0.0,0.3228,3,0.2773,0.0,0.0,0,0,0.0,0,0,0,1.0,0,0,0,0,0,0,0,0,0,1,test
CRVS,2026-01-20,Soquelitinib,NCT06345404,1,1,0.0,0.6305,2,0.2773,0.0,0.0,1,0,1.0,0,0,0,0.0,0,0,0,0,0,1,0,0,0,0,test
CRDF,2026-01-22,onvansertib,NCT06106308,0,3,0.0,0.4461,5,0.2773,0.0,1.0,0,0,0.0,1,1,0,0.0,0,0,0,0,0,0,0,0,1,0,test
KZIA,2026-01-27,paxalisib,NCT05009992,0,4,0.0,0.0449,5,0.2773,0.0,0.0,0,0,0.0,1,0,0,0.0,0,0,0,0,0,0,0,0,1,0,test
SGMT,2026-02-02,SGMT,NCT02599298,0,2,0.0,0.6284,3,0.2773,0.0,0.0,0,0,0.0,0,0,0,0.0,0,1,0,0,0,0,0,0,0,0,test
EVMN,2026-02-10,EVO301,NCT06723405,1,1,0.0,0.0929,1,0.2773,0.0,0.0,1,0,1.0,0,0,0,0.0,0,0,0,0,0,1,0,0,0,0,test
PMN,2026-02-16,obinutuzumab (Gazyva/Gazyvaro),NCT03701282,0,1,0.0,0.3043,3,0.2773,0.0,1.0,0,0,0.0,1,0,0,0.0,0,0,0,0,0,0,0,0,1,0,test
GOSS,2026-02-23,seralutinib,NCT07181382,1,1,0.0,1.8332,4,0.2773,0.0,0.0,1,0,0.0,0,0,0,0.0,0,1,0,0,0,0,0,0,0,0,test
AXSM,2026-02-24,Solriamfetol 300 mg,NCT06360419,0,1,0.0,0.0385,15,0.2773,0.0,0.0,1,1,1.0,0,0,0,0.0,1,0,0,0,0,0,0,0,0,0,test
IBIO,2026-02-26,ANKTIVA,NCT06061809,0,1,0.0,0.5411,1,0.2773,0.0,0.0,0,0,0.0,1,1,0,1.0,0,0,0,0,0,0,0,0,1,0,test
LLY,2026-02-26,Orforglipron,NCT06045221,0,6,0.0,0.0073,110,0.2773,0.0,0.0,0,0,1.0,0,1,0,0.0,0,0,0,1,0,0,0,0,0,0,test
IMRX,2026-02-28,atebimetinib (IMM-1-104),NCT05585320,0,1,0.0,0.6305,6,0.2773,0.0,1.0,0,0,0.0,1,1,0,0.0,0,0,0,0,0,0,0,0,1,0,test
KRRO,2026-03-06,KRRO-110,NCT06677307,0,2,0.0,0.81,2,0.2773,0.0,1.0,0,0,0.0,0,0,0,0.0,0,0,0,0,0,0,0,0,0,1,test
IMRX,2026-03-06,atebimetinib (IMM-1-104),NCT05585320,0,2,0.0,0.6305,7,0.2773,0.0,1.0,0,0,0.0,1,1,0,0.0,0,0,0,0,0,0,0,0,1,0,test
LLY,2026-03-07,Bimagrumab,NCT05616013,0,1,0.0,0.0073,111,0.2773,0.0,0.0,1,0,1.0,0,1,0,0.0,0,0,0,1,0,0,0,0,0,0,test
BCAX,2026-03-09,ficerafusp alfa,NCT04429542,1,1,0.0,0.3157,1,0.2773,0.0,0.0,0,0,0.0,1,1,0,0.0,0,0,0,0,0,0,0,0,1,0,test
MIRA,2026-03-09,sonelokimab,NCT06641076,1,3,0.0,0.141,4,0.2773,0.0,1.0,1,0,0.0,0,0,0,0.0,0,0,0,0,0,0,0,1,0,0,test
